0,0,0,0,0,0,0,0,0,0,0,0,0,0,0,0,0,0,0,0,0,0,0,0,0,0,0,0,0,0,0,0,0,0,0,0,0,0,46,0,0,0,0,0,0,0,0,0,0,0,0,0,0,0,0,0,0,0,0,0,0,0,0,0,0,0,0,0,0,0,0,0,0,0,0,0,0,0,0,0,0,0,6,0,0,0,0,0,0,0,0,0,0,0,0,0,0,0,0,0,0,0,0,0,0,0,0,0,0,0,0,0,0,0,0,0,0,0,0,0,0,0,0,0,0,0,0,0,0,0,0,0,0,0,0,0,0,0,0,0,0,71,13,7,0,80,0,272,0,51,265,0,0,0,0,0,0,0,0,0,0,0,0,0,0,0,0,0,0,0,0,351,291,512,317,319,157,403,639,451,380,36,129,62,0,37,111,150,80,206,89,0,0,0,0,0,0,0,0,0,0,0,0,0,0,0,0,0,0,0,0,231,0,0,42,81,125,65,264,240,7,345,313,303,250,305,307,366,310,405,317,289,87,320,47,109,195,247,47,19,73,0,0,0,0,0,0,0,0,0,0,2,48,92,225,69,140,337,103,186,54,59,73,190,67,144,76,0,27,186,73,0,0,0,0,67,0,0,0,0,0,181,164,147,270,12,164,73,149,62,182,144,291,47,85,186,223,239,200,177,206,0,0,0,0,0,0,0,0,0,0,69,0,33,187,116,80,73,0,138,150,0,0,0,0,0,0,0,0,0,0,0,0,0,0,0,0,0,0,0,0,365,569,182,371,465,126,121,346,382,241,274,476,400,362,358,448,357,372,298,441,0,0,0,0,0,0,0,0,0,75,0,0,0,0,0,0,0,0,0,0,394,65,64,84,186,183,527,464,232,170,507,225,287,283,562,471,374,435,257,511,444,351,404,344,421,410,324,310,300,372,0,0,0,0,0,0,0,0,0,0,427,614,493,468,406,566,376,552,507,536,0,0,0,0,0,0,0,0,0,0,571,362,543,340,343,347,379,650,476,423,407,326,347,367,339,233,371,285,349,362,0,0,0,0,0,0,0,0,0,0,350,240,293,85,68,65,132,469,135,460,671,621,453,730,654,606,479,509,705,591,305,83,89,453,290,163,233,492,491,231,295,421,57,218,283,360,220,131,149,80,438,492,303,467,587,272,506,400,260,350,317,261,224,185,101,402,314,210,231,627,532,617,521,622,543,531,542,525,626,530,612,527,393,524,566,617,558,617,667,572,498,366,554,501,420,524,389,540,472,559,654,399,637,687,296,524,641,540,609,566,168,467,325,87,311,354,391,89,373,360,353,171,80,88,445,336,0,399,87,233,0,0,0,0,0,0,0,0,0,0,415,184,271,294,468,321,480,313,499,333,626,676,590,648,676,685,595,615,611,394,165,57,505,139,236,307,227,165,309,129,174,84,84,173,0,88,179,88,88,172,312,0,0,0,83,0,175,168,89,293,363,500,435,453,573,492,430,544,532,551,87,0,0,0,0,0,0,0,0,0,86,0,0,0,0,92,0,0,0,0,380,538,369,508,334,359,509,362,174,336,718,671,619,402,723,564,708,476,678,460,378,348,227,233,269,259,308,329,313,285,0,259,255,247,256,222,256,180,94,287,607,371,575,518,349,428,373,566,514,575,268,244,259,342,433,362,309,220,239,230,58,447,505,476,384,63,436,529,453,142,332,540,356,406,426,444,404,485,376,524,664,565,502,632,504,545,600,629,438,591,0,0,0,0,0,0,0,0,0,0,0,89,389,90,301,434,183,311,267,239,0,0,0,0,0,0,0,0,0,0,566,525,645,583,593,492,485,508,390,636,510,253,487,236,456,404,249,515,432,378,578,668,607,565,683,670,653,710,660,690,426,442,261,393,399,216,431,221,452,298,679,635,651,691,509,726,738,679,696,632,447,495,608,607,494,618,636,601,559,582,638,606,670,611,689,497,501,645,527,589,0,153,167,218,149,90,0,184,0,0,637,641,571,678,552,447,411,637,589,515,349,154,156,348,271,335,152,440,0,280,343,529,249,397,392,332,399,175,251,255,537,539,552,543,570,543,622,550,523,280,575,564,582,659,647,594,610,685,588,699,457,580,653,629,564,565,575,510,621,552,646,433,428,541,551,546,461,392,518,593,514,355,372,518,476,545,449,522,474,506,632,648,602,630,678,532,544,573,669,495,0,0,0,0,0,0,0,0,0,0,310,382,334,279,94,91,89,164,287,72,533,561,576,316,385,423,466,572,669
0,0,0,0,0,0,0,0,0,0,0,0,0,0,0,0,0,0,0,0,0,0,0,0,0,0,0,0,0,0,0,0,0,0,0,0,0,0,0,0,0,0,0,0,0,0,0,0,0,0,0,0,0,0,0,0,0,0,0,0,0,0,0,0,0,0,0,0,0,0,0,0,0,0,0,0,0,0,0,0,0,0,0,0,0,0,0,62,0,0,0,0,0,0,0,0,0,0,0,0,0,71,59,123,188,65,117,35,69,62,67,0,0,0,0,0,0,0,0,0,0,169,0,0,92,207,68,0,68,13,78,208,229,287,0,198,76,204,145,143,0,210,259,298,303,225,280,146,300,302,289,0,0,0,0,0,0,0,0,0,0,0,0,0,0,0,0,0,0,0,0,48,0,147,67,218,0,0,126,7,98,137,292,144,84,77,157,213,173,259,293,280,265,312,268,307,297,298,280,292,316,205,229,380,290,232,312,303,390,336,272,399,272,324,283,390,414,276,292,235,285,285,393,378,340,328,216,235,346,390,332,388,402,430,345,455,462,398,418,369,331,401,307,271,401,441,270,573,294,374,397,623,514,272,545,498,537,461,616,339,454,414,365,457,404,394,477,527,472,271,404,515,316,543,532,391,375,381,591,508,493,292,346,580,497,539,432,519,402,349,507,321,389,432,310,583,430,425,388,184,592,555,683,502,361,308,328,390,434,502,491,362,297,368,220,284,381,337,288,225,294,280,401,278,320,484,341,293,399,380,435,470,455,318,341,488,519,447,248,265,446,382,473,433,530,545,364,379,457,435,151,552,424,442,385,565,436,391,408,560,515,164,173,353,306,223,292,0,171,0,281,470,488,444,359,461,282,304,435,479,450,312,334,293,445,278,331,310,280,368,192,77,0,0,0,0,0,0,0,0,74,292,148,469,142,266,390,575,367,314,392,313,337,339,326,365,364,358,282,236,236,155,146,204,280,84,274,197,199,80,139,312,289,310,362,374,312,328,267,347,323,278,88,85,190,71,280,221,0,293,224,267,201,198,317,194,171,68,296,198,161,0,0,162,0,82,92,0,222,0,0,299,0,304,247,333,175,163,294,294,85,166,316,335,175,243,87,217,280,286,318,300,509,295,353,478,286,173,350,87,201,355,518,447,408,300,534,394,397,338,386,676,370,505,496,473,466,487,513,497,553,450,214,330,434,197,357,256,247,326,453,612,464,629,380,471,562,567,459,563,580,0,0,50,83,0,0,35,0,0,130,438,585,613,465,684,612,626,691,666,624,501,648,668,623,557,655,468,557,429,462,322,431,342,454,386,335,244,373,323,326,0,0,0,83,73,0,0,0,0,0,620,400,631,554,584,525,673,472,544,589,524,210,328,392,435,481,386,364,374,317,454,499,363,406,431,336,391,383,330,377,0,0,0,180,155,86,170,177,0,0,491,494,591,677,568,642,497,451,406,671,643,683,464,681,639,668,703,627,698,446,314,343,285,167,283,301,239,91,316,384,603,426,485,496,466,379,482,507,513,481,631,613,409,453,481,392,371,495,535,466,257,329,410,323,261,88,0,331,413,327,787,821,623,796,685,692,783,736,761,593,245,324,55,92,165,181,87,0,146,419,0,74,0,0,0,0,0,92,0,0,659,677,709,541,625,658,517,682,639,543,508,547,451,372,478,493,687,582,458,375,718,703,646,803,658,755,681,533,727,723,409,366,326,413,438,491,505,360,349,561,601,301,321,236,91,318,306,417,332,162,365,606,346,547,514,437,458,434,319,494,775,743,570,775,757,731,764,726,757,675,522,573,535,576,671,571,697,444,555,614,662,471,408,409,423,484,512,527,456,453,720,761,726,575,601,699,714,665,775,758,656,584,575,657,595,675,517,605,689,758,733,697,718,537,618,706,736,486,685,685,758,518,579,461,665,767,735,563,602,672,568,623,634,591,594,456,703,630,586,672,356,482,514,411,592,581,474,579,575,652,530,419,376,459,410,524,419,463,442,524,723,609,604,598,547,680,679,672,603,623,428,614,656,310,597,394,386,395,494,590,481,636,527,497,560,687,567,366,664,576,267,93,0,260,0,242,323,176,183,179,544,530,395,609,326,387,158,496,510,333,91,179,0,338,88,178,0,0,90,89,755,655,638,575,594,552,706,661,540,567,256,228,166,241,183,374,250,311,93,173,0,178,0,0,93,0,0,94,0,0,173,0,0,87,0,86,0,94,94,0,616,594,561,608,627,699,639,658,605,618,179,0,246,177,254,91,92,173,255
0,0,0,0,0,0,0,0,0,0,0,0,0,0,0,0,0,0,0,0,0,0,0,0,0,0,0,0,0,0,0,0,0,0,0,0,0,0,0,0,0,0,0,0,0,69,0,0,68,0,0,0,0,0,0,0,0,0,0,0,0,13,0,0,83,0,0,0,42,0,104,0,46,0,0,0,0,0,0,0,0,219,174,0,77,87,0,0,85,174,163,0,0,76,0,0,50,0,85,61,57,0,0,78,0,0,0,0,79,0,0,20,0,147,0,64,67,0,0,58,81,0,0,153,82,0,87,141,83,154,0,0,0,0,0,0,0,0,93,0,0,632,631,353,312,383,390,262,286,488,501,0,0,0,0,0,0,0,0,0,0,0,0,0,0,0,0,0,0,0,0,75,0,0,0,0,0,0,0,0,0,0,0,0,0,0,0,0,0,0,78,0,86,0,0,0,85,0,173,0,0,0,0,0,0,0,0,0,0,0,0,0,0,0,0,0,60,0,0,0,0,0,0,0,0,0,0,0,0,0,0,252,317,391,323,333,396,392,395,323,322,0,0,0,0,0,0,0,0,0,0,0,0,0,0,0,0,0,0,0,0,260,490,256,427,217,199,352,198,343,508,0,0,0,0,75,0,0,0,0,82,389,390,438,385,323,364,323,458,406,388,178,229,233,171,297,463,239,240,263,359,0,0,89,0,157,0,0,0,0,0,271,303,299,302,298,270,292,309,303,290,442,634,432,457,653,641,647,619,605,641,297,303,229,302,167,163,169,85,157,79,322,318,324,315,318,168,320,316,324,332,437,286,396,400,561,357,432,450,444,406,426,490,573,404,337,469,469,430,509,621,369,637,534,519,619,317,554,515,373,305,565,558,572,664,615,516,467,403,625,659,553,620,486,588,456,562,568,603,564,508,368,388,398,418,458,558,445,425,453,482,312,320,414,325,318,362,426,329,349,317,358,323,427,359,414,370,325,295,368,332,478,467,444,503,518,548,474,551,517,476,444,536,378,445,401,335,403,414,452,418,462,426,395,625,583,489,530,462,530,529,438,484,486,481,464,503,463,408,414,542,660,728,680,597,590,690,708,679,548,692,573,613,673,674,713,573,629,637,655,658,395,452,387,399,550,412,455,568,430,494,343,437,460,395,416,238,341,469,527,195,156,234,129,165,256,206,256,134,117,236,444,448,439,392,445,434,449,498,331,560,503,654,468,525,682,557,543,520,417,439,240,0,53,168,115,0,0,241,83,158,64,181,0,80,0,87,82,0,0,95,520,572,561,571,695,422,661,583,626,484,551,588,616,542,618,605,647,554,616,401,388,453,448,461,471,359,438,362,448,386,671,690,538,626,574,595,594,525,651,681,336,327,183,258,396,365,339,235,332,374,0,0,0,0,0,0,0,0,0,0,503,477,672,528,675,676,526,685,661,670,408,455,474,377,651,566,684,466,510,572,785,760,719,703,682,720,717,740,723,751,498,348,303,374,453,447,352,406,399,320,307,301,440,357,305,316,434,306,372,160,94,0,153,147,0,89,177,168,0,87,571,564,596,552,610,542,522,587,499,587,341,369,281,349,372,267,329,362,371,307,197,299,299,265,171,223,189,240,226,239,740,779,728,709,725,716,734,741,666,729,666,605,601,647,657,615,613,625,637,669,396,491,482,464,599,565,455,471,470,476,377,264,294,352,222,432,270,276,171,377,753,613,719,745,679,636,530,780,661,491,721,740,386,544,671,662,673,701,539,712,547,572,553,590,587,581,601,506,575,627,437,422,354,326,406,340,389,431,317,285,515,385,396,318,420,480,398,338,496,503,411,427,181,468,440,417,351,482,347,359,403,290,311,379,383,315,383,377,371,465,384,477,587,585,403,551,330,411,458,527,390,416,393,356,508,505,307,490,409,482,616,425,596,584,605,575,556,563,604,628,384,433,317,288,343,353,318,506,333,314,191,269,338,420,240,260,345,377,421,350,502,470,486,528,474,526,526,508,546,505,320,323,347,296,294,412,323,299,272,371,451,491,531,574,606,571,544,541,562,467,163,39,107,98,147,115,134,94,81,175,274,222,146,126,197,219,199,237,297,244,375,490,426,475,329,378,492,366,432,367,294,287,303,296,334,282,289,363,301,309,277,359,309,339,307,324,306,317,313,371,671,731,623,752,759,747,728,733,750,758,285,393,314,267,286,301,357,402,375,264,481,445,336,400,368,383,385,463,356,361,414,379,289,280,298,353,315,165,286,194,13,116,66,126,146,149,91,156,17
0,0,0,0,0,0,0,0,0,0,0,0,0,0,0,0,0,0,0,0,0,0,0,0,0,0,0,0,0,0,0,0,0,0,0,0,0,0,0,0,0,0,0,0,0,0,0,0,0,0,0,0,139,197,121,147,153,228,123,0,80,0,0,0,0,0,0,0,0,0,0,113,93,0,73,128,180,131,135,119,0,0,0,0,0,0,0,0,0,0,0,103,189,0,99,123,0,53,0,46,104,61,69,0,70,38,60,55,32,0,58,45,56,67,59,10,87,56,71,58,42,199,180,189,212,192,97,155,181,185,188,315,225,174,160,285,289,161,236,72,268,162,111,140,151,142,209,170,176,89,62,107,134,126,140,127,56,130,174,126,200,228,87,0,302,0,171,0,169,161,88,0,0,0,0,0,0,0,0,0,0,171,86,82,232,176,0,175,82,177,86,0,0,0,0,0,0,0,0,0,0,169,78,170,236,166,240,89,240,172,151,0,0,0,0,83,0,0,0,0,0,0,0,0,0,0,0,0,0,58,0,316,173,312,307,313,316,319,346,347,297,196,197,143,86,120,119,104,118,192,153,464,367,470,532,345,631,419,430,454,458,292,172,239,335,189,241,400,369,278,249,374,399,258,429,223,167,374,208,208,187,331,243,165,289,166,164,235,249,229,253,298,412,193,308,213,339,321,389,319,291,332,433,430,434,346,309,500,396,466,396,0,0,0,81,0,0,0,0,0,0,82,243,0,0,189,90,85,0,90,251,532,585,645,341,660,413,410,533,524,358,277,317,289,271,276,256,181,300,389,277,300,246,282,274,242,324,183,297,290,201,338,413,648,660,397,611,315,367,469,629,464,210,449,568,464,388,354,162,299,426,0,0,0,0,0,0,0,0,0,90,465,487,558,301,481,433,473,456,527,422,122,187,187,168,258,233,256,186,149,258,139,62,220,258,146,202,99,221,256,227,127,34,68,81,70,142,87,290,190,171,219,179,235,254,248,175,268,293,185,108,486,455,448,379,605,448,366,437,332,562,479,616,670,581,671,632,695,575,617,681,589,452,434,456,604,649,463,493,575,494,252,222,317,235,83,327,249,173,330,143,597,658,642,683,436,616,576,590,682,713,623,444,405,435,510,535,487,592,527,532,343,160,207,347,157,168,315,219,214,177,360,522,543,449,570,451,386,422,677,493,85,292,157,66,243,240,68,140,267,259,455,398,641,651,727,544,641,495,580,395,147,326,207,345,393,362,353,427,457,398,163,84,332,295,546,348,84,206,123,187,699,584,454,679,666,638,535,621,694,443,523,574,685,624,629,623,429,298,454,521,629,617,659,643,573,626,550,632,532,532,223,510,329,544,618,477,307,347,329,404,488,419,338,611,597,408,508,618,446,380,737,637,595,689,659,763,557,789,643,651,300,254,391,285,321,293,242,358,301,350,541,679,546,637,696,579,481,511,506,717,746,722,620,804,726,610,718,664,750,756,665,601,624,623,558,621,515,672,724,651,401,666,536,517,503,567,574,606,586,476,592,675,675,447,555,423,570,424,601,456,659,697,753,741,608,719,656,389,493,407,332,422,407,304,410,484,436,275,538,402,228,145,192,260,101,261,286,66,107,72,321,353,459,459,313,311,245,364,307,94,65,172,88,81,90,89,91,0,85,90,452,624,553,457,430,576,597,328,421,606,406,504,327,468,623,642,444,262,479,206,465,531,495,587,461,475,449,539,536,502,591,648,510,686,691,657,656,505,593,633,529,696,526,531,585,589,648,576,530,630,454,711,400,493,478,545,269,421,637,518,299,349,330,229,313,376,235,258,144,21,662,614,577,487,545,329,413,482,569,610,428,596,409,528,541,566,564,621,444,598,728,595,762,479,842,771,598,755,767,777,636,571,670,670,616,582,599,671,657,596,570,559,421,558,735,479,673,534,597,619,313,368,520,338,484,416,365,356,514,461,702,730,732,657,762,705,732,623,739,754,358,547,500,433,701,455,628,434,667,457,785,753,782,684,641,482,784,766,654,745,561,479,610,432,607,684,567,437,484,406,414,425,211,382,398,319,358,377,490,345,703,690,602,620,551,664,680,422,743,670,323,327,351,402,534,593,396,343,556,558,281,344,303,375,139,331,394,297,210,241,0,0,0,0,54,74,0,0,0,73,358,337,313,251,283,283,411,336,188,333,623,400,645,611,571,334,566,561,490,532,334,344,257,264,223,262,119,311,216,352,473,410,222,581,422,610,583,492,392,436,583,649,502,615,588,637,597,384,552
0,0,0,0,0,0,0,0,0,0,0,0,0,0,0,0,0,0,0,0,0,0,0,0,0,0,0,0,0,0,0,0,0,0,0,0,0,0,0,0,0,0,0,0,0,0,0,0,0,0,0,0,0,0,0,0,0,0,0,0,0,0,0,0,0,0,0,0,0,0,0,0,0,0,0,0,0,0,0,0,0,167,0,51,0,66,0,143,68,0,84,0,0,0,0,0,0,0,0,0,0,0,0,0,0,0,0,0,0,0,0,0,0,0,0,0,0,0,0,0,0,196,136,126,80,159,108,107,111,173,99,0,0,0,0,0,0,0,0,0,0,0,0,70,66,0,78,0,0,0,0,0,0,0,0,0,0,0,0,0,0,142,87,70,83,0,159,160,159,0,0,0,0,0,0,0,0,0,0,90,0,0,0,0,0,165,151,0,0,155,0,301,164,0,316,298,328,290,300,293,247,0,84,0,0,0,0,0,0,0,0,244,169,89,84,236,246,159,254,0,241,423,436,566,361,251,346,261,301,306,511,331,280,160,215,79,227,291,297,144,260,302,59,344,83,240,159,85,68,297,250,85,172,83,167,0,0,167,0,89,167,487,344,160,448,355,284,384,343,327,342,314,174,165,0,177,178,0,81,0,167,173,173,325,307,308,251,163,91,0,135,95,91,93,0,165,0,0,81,162,89,323,186,271,187,264,106,236,302,152,177,291,345,149,234,302,379,277,392,156,307,423,602,608,415,419,581,410,663,299,432,142,148,121,201,84,139,206,215,290,120,0,0,85,0,91,0,91,0,0,0,161,157,150,147,0,167,92,147,148,177,327,139,237,157,171,162,224,298,300,222,285,273,356,291,376,195,321,222,330,231,671,569,571,559,655,630,671,584,552,509,433,401,473,555,632,566,592,608,612,625,325,430,271,229,548,372,215,290,395,413,472,385,449,435,449,401,444,484,533,423,206,209,81,77,157,227,0,86,137,147,280,415,281,501,360,283,257,421,327,450,0,0,93,67,87,0,0,89,0,87,145,73,154,0,0,87,240,79,87,0,0,0,0,171,72,0,84,0,0,0,292,283,327,380,237,275,365,241,260,363,468,489,422,520,562,379,493,501,471,440,281,560,421,376,457,507,284,427,632,451,634,309,360,291,381,644,354,707,563,424,294,0,161,41,110,209,272,395,272,0,464,568,642,625,542,641,660,574,531,524,295,284,358,288,145,288,91,267,244,289,276,266,317,286,304,279,415,233,386,277,84,0,90,83,88,82,0,164,157,163,487,550,728,420,438,512,475,536,599,643,0,147,0,84,0,0,0,0,0,166,159,172,251,327,323,304,171,228,183,329,397,497,462,443,597,418,376,417,424,458,223,169,362,186,173,235,115,128,122,300,362,340,337,366,232,417,384,203,267,400,91,0,0,157,78,83,153,89,0,91,0,0,0,0,0,0,0,92,0,0,421,545,479,465,296,498,465,460,560,633,80,75,176,129,167,90,153,0,169,0,289,259,313,359,294,177,334,309,224,394,322,148,389,309,293,281,279,261,321,309,0,0,0,0,0,0,0,0,0,0,585,255,427,384,442,444,319,330,348,312,134,194,272,154,214,214,52,184,73,174,371,411,775,513,617,575,516,719,281,491,0,0,0,0,0,0,0,0,0,0,144,210,142,152,130,348,267,124,370,291,396,547,330,353,389,405,364,359,268,339,0,0,0,0,0,0,0,0,0,0,155,134,0,0,177,84,165,91,90,0,576,630,732,627,574,551,483,580,597,672,175,174,245,85,150,259,173,151,180,169,451,639,495,433,416,467,310,389,350,468,277,288,363,326,296,318,295,418,286,463,331,262,518,447,351,395,230,311,439,268,254,259,327,258,183,184,321,175,180,173,415,415,392,315,430,297,413,379,402,448,291,357,288,300,305,282,361,309,331,308,0,0,0,0,0,0,0,0,0,0,73,0,92,170,183,170,39,0,0,91,267,305,211,138,235,227,75,86,63,78,140,152,0,241,0,0,75,83,177,84,251,436,468,455,408,311,368,421,551,439,623,816,479,433,690,632,458,591,538,745,412,470,581,435,426,414,663,471,457,400,0,0,0,0,0,0,0,0,0,0,171,179,175,82,91,176,79,182,160,70,315,305,309,272,312,313,245,281,236,329,388,489,457,365,358,461,506,324,341,418,91,0,83,71,18,33,0,0,0,0,658,680,553,578,561,525,515,429,531,595,131,139,161,60,81,146,91,90,90,158,371,454,542,391,481,474,417,531,392
0,0,0,0,0,0,0,0,0,0,0,0,0,0,0,0,0,0,0,0,0,0,0,0,0,0,0,0,0,0,0,303,108,229,49,165,231,237,138,237,140,63,65,0,0,151,49,0,0,57,192,24,109,85,130,0,0,43,36,26,126,86,251,243,0,0,176,0,204,149,114,0,0,0,0,0,0,0,0,0,0,287,288,149,293,283,315,302,283,303,311,0,162,309,0,0,287,157,0,164,0,258,274,268,298,292,214,290,308,67,213,125,54,48,85,70,87,185,67,241,59,0,165,0,73,0,0,0,80,0,81,157,159,0,143,0,149,149,0,0,158,79,323,235,241,342,315,258,319,164,311,153,159,309,318,153,230,80,331,329,322,0,0,0,0,0,0,0,0,0,0,303,304,305,250,296,308,327,312,324,246,252,320,255,327,335,0,328,254,245,321,84,0,87,88,75,116,163,79,171,87,82,231,240,77,78,166,73,81,0,81,75,75,317,304,87,249,151,234,246,89,0,84,83,89,87,0,0,86,89,86,417,399,605,530,462,507,481,450,615,575,169,169,246,298,241,175,323,237,165,326,341,372,463,378,372,331,481,385,345,296,339,363,366,343,289,323,349,293,368,352,268,282,260,350,254,331,281,249,230,311,353,381,398,399,391,357,327,399,364,344,318,297,315,304,328,305,300,279,298,308,468,373,492,419,385,508,404,421,398,670,369,270,296,306,294,286,259,303,291,286,332,331,277,365,288,266,293,286,319,344,316,286,377,313,302,266,321,360,299,287,489,451,623,573,572,601,452,454,548,495,434,439,375,338,601,446,388,373,373,467,436,415,433,370,423,427,330,416,274,320,707,676,667,664,427,464,610,707,722,525,163,170,203,157,159,88,83,245,74,309,585,664,500,708,588,622,443,408,683,656,579,394,579,409,438,418,385,465,619,352,684,700,634,714,716,597,711,696,707,725,687,680,684,691,724,734,686,583,636,686,567,571,490,577,471,521,450,504,347,505,453,518,615,563,492,413,502,468,486,409,675,583,503,561,562,597,658,614,702,482,410,489,525,559,543,546,465,482,592,462,293,320,308,305,305,285,308,247,304,337,511,394,464,399,314,381,480,373,411,508,639,650,681,737,662,731,728,717,588,511,378,395,618,318,702,382,483,326,507,394,437,422,446,431,644,505,636,477,461,404,570,622,678,568,690,499,499,669,523,446,486,421,577,421,472,509,549,409,504,451,381,450,424,469,387,433,440,614,444,485,483,619,692,505,547,680,684,491,422,443,459,426,409,455,431,295,433,401,390,432,334,444,358,579,451,404,335,451,355,375,698,617,679,644,665,659,565,608,685,685,362,397,394,388,425,405,400,408,234,302,382,313,366,314,328,292,450,370,297,374,670,665,681,724,751,733,706,750,673,729,27,0,0,0,0,50,0,89,0,0,377,461,591,469,321,437,356,355,458,471,657,736,646,744,708,721,686,681,730,626,534,528,525,482,503,558,565,509,476,396,696,683,567,610,581,717,634,690,625,689,757,730,775,780,778,709,609,778,715,767,672,663,740,674,602,745,580,578,460,631,669,660,699,723,679,662,722,687,650,701,311,299,322,284,314,301,301,255,351,320,722,739,742,716,711,762,754,714,709,713,708,561,695,648,764,694,607,719,707,672,644,618,604,575,576,608,621,607,581,619,673,601,651,706,603,707,720,627,620,597,835,776,728,793,711,664,768,673,735,760,577,709,598,606,611,657,636,592,535,649,764,721,736,682,721,677,732,719,656,671,681,667,751,770,727,693,734,610,717,702,770,726,780,724,779,745,760,834,690,757,612,616,603,670,675,670,602,667,604,677,620,641,680,618,671,622,648,604,669,673,572,599,677,665,643,486,575,556,658,663,575,591,569,621,597,524,543,584,579,558,690,743,662,680,721,626,730,702,682,622,751,720,731,726,759,733,734,741,792,736,689,704,678,645,716,679,722,652,659,677,625,708,706,637,627,629,725,613,635,611,734,654,666,699,521,742,694,632,766,708,669,619,658,585,630,695,632,594,612,618,641,605,622,645,595,591,671,663,663,667,483,673,660,515,512,562,507,558,447,593,743,744,749,714,774,747,747,728,756,738,696,710,724,688,633,670,710,675,737,604,707,713,605,714,655,782,733,728,685,691,737,704,759,787,767,716,754,720,733,703,583,591,620,624,668,608,621,571,565,566,686,731,739,674,704,680,728,762,681,698,407,725,703,364,610,701,788,581,752,667,590,587,624,600,611,640,667,617,627
0,0,0,0,0,0,0,0,0,0,0,0,0,0,0,0,0,0,0,0,0,0,0,0,0,0,0,0,0,0,0,0,0,0,0,0,0,0,0,0,0,0,0,0,0,0,0,0,0,0,0,0,0,0,0,0,0,0,0,0,0,0,61,64,69,0,0,0,127,72,0,0,0,0,0,0,0,0,0,0,0,83,178,0,130,103,58,102,166,60,98,0,0,0,0,0,0,0,0,0,0,291,159,250,253,124,285,316,289,137,317,88,0,0,0,88,0,0,0,0,151,0,0,77,0,0,0,0,81,0,76,73,0,0,0,0,0,0,0,0,0,0,252,0,179,85,220,0,0,88,86,0,0,88,0,0,169,0,0,0,0,203,88,258,167,238,178,172,166,88,85,88,170,80,83,86,90,79,245,165,82,172,176,144,121,164,87,159,167,0,171,236,164,86,246,243,167,253,221,157,171,273,266,267,276,304,129,293,248,284,151,82,0,167,0,0,88,0,80,0,86,0,88,159,0,0,86,0,0,0,0,369,451,396,404,428,561,593,454,402,371,71,115,78,59,131,0,156,79,80,78,155,91,324,135,257,236,297,164,194,242,0,84,80,0,80,0,0,169,0,87,0,0,0,0,0,77,0,229,150,0,532,544,605,398,618,408,449,532,590,505,0,89,93,175,146,154,76,165,79,172,367,243,311,229,68,302,176,147,0,199,71,0,74,159,0,79,131,0,0,65,315,676,533,589,417,604,554,414,453,300,0,0,0,0,0,0,0,0,0,0,234,219,87,85,153,232,222,317,278,202,482,360,454,428,470,297,580,486,440,429,588,475,629,610,357,362,444,423,432,484,153,143,86,217,239,154,158,261,168,217,0,0,0,154,0,77,0,67,0,0,313,244,92,257,89,326,235,86,40,169,456,392,439,534,531,478,630,388,512,560,241,170,230,85,151,142,0,79,0,213,217,266,205,228,366,417,316,297,168,297,228,259,285,0,298,92,92,85,342,269,250,314,233,371,331,462,293,246,277,340,421,360,410,485,426,482,505,534,560,456,168,326,253,277,294,83,66,308,173,416,355,425,271,402,399,295,318,348,358,176,627,481,612,685,660,548,744,373,606,548,626,401,483,618,516,461,447,443,459,531,385,741,446,419,457,567,641,545,462,588,200,347,92,213,168,260,86,118,347,222,423,171,523,450,234,0,388,211,237,429,582,495,308,525,628,639,321,621,688,602,167,0,13,168,90,82,171,243,160,78,685,551,495,561,574,654,716,646,646,657,441,773,543,703,667,645,647,698,639,608,222,0,38,150,155,82,299,81,92,56,81,37,0,78,217,0,137,130,133,328,221,149,195,197,157,127,191,226,143,463,0,190,319,0,148,55,368,268,160,136,703,653,521,429,564,577,731,710,652,636,199,673,618,476,346,264,399,458,583,629,703,505,644,693,615,710,683,676,735,606,454,530,383,200,460,446,393,337,468,418,532,373,398,316,531,566,576,440,335,161,317,335,493,516,255,449,324,419,402,369,482,365,507,471,506,587,588,572,539,474,443,316,73,88,224,314,174,169,60,394,226,427,223,348,467,337,245,213,296,398,243,449,278,94,213,286,290,430,395,244,238,248,269,135,204,350,280,292,110,369,234,481,477,79,165,527,469,292,150,0,294,540,349,401,0,451,70,162,274,141,810,658,553,674,662,495,595,763,716,728,404,211,552,508,630,453,491,278,527,449,215,291,180,490,198,147,342,226,336,581,390,583,625,669,695,316,613,686,488,515,570,583,605,607,557,694,650,665,533,677,306,399,597,406,501,502,479,652,469,426,369,314,180,300,448,347,403,468,376,268,159,83,285,265,295,376,490,168,362,472,217,251,201,215,283,345,568,321,514,214,703,631,625,441,653,657,469,452,595,505,603,488,587,449,611,510,617,651,455,625,291,250,280,338,242,115,106,134,306,358,190,383,324,304,283,265,173,272,165,293,564,486,561,548,601,422,546,483,609,644,562,414,677,361,394,398,731,347,527,597,705,546,527,716,702,643,551,294,508,709,449,626,643,480,423,586,268,549,427,353,514,301,255,271,60,551,485,380,313,359,49,139,140,215,0,81,281,0,0,188,480,463,447,296,364,367,337,339,345,367,89,90,0,85,0,93,0,221,88,79,380,533,496,297,496,475,455,362,324,386,536,603,603,538,599,480,566,516,585,534,487,455,412,558,511,480,484,445,422,600,523,277,383,326,512,202,483,462,431,570,570,544,502,572,554,569,620,602,663
0,0,0,0,0,0,0,0,0,0,0,0,0,0,0,0,0,0,0,0,0,0,0,0,0,0,0,0,0,0,0,224,423,572,441,469,208,350,258,229,240,0,0,0,0,0,0,0,0,0,0,237,295,238,0,94,273,246,0,268,77,84,0,0,0,0,0,0,0,76,0,117,125,141,277,304,77,273,155,293,274,0,147,146,133,0,0,80,74,0,75,0,0,252,88,0,0,0,156,37,201,0,0,299,0,0,0,161,238,237,80,0,141,0,147,137,0,0,281,233,0,241,160,167,174,242,154,301,173,165,172,304,73,0,0,208,83,78,134,0,127,0,0,0,0,0,0,0,0,0,0,82,84,87,0,0,83,170,160,0,0,169,0,161,0,164,0,0,0,0,84,0,0,0,0,0,0,0,0,0,0,318,237,217,174,170,173,173,168,239,227,312,270,326,0,278,138,194,258,192,297,258,166,280,352,155,161,264,285,291,319,185,451,426,304,344,334,411,392,367,379,424,316,232,160,161,161,242,373,303,309,227,198,166,29,62,118,142,72,91,0,158,292,373,400,290,213,296,228,299,377,417,422,360,632,439,284,459,585,390,362,152,284,482,417,449,379,210,353,284,300,0,162,0,0,156,0,0,86,0,0,293,153,341,223,164,150,323,395,159,205,407,439,357,391,448,308,404,446,391,466,0,0,0,0,0,0,0,0,0,0,604,731,542,697,670,433,673,635,632,402,275,295,477,396,324,446,352,300,434,464,452,441,495,394,405,0,0,449,258,407,408,391,386,286,279,376,311,288,394,309,648,635,568,490,595,672,373,722,701,525,464,568,591,495,644,672,687,545,589,612,193,189,46,200,189,197,152,365,66,173,166,147,84,361,223,326,231,304,214,375,159,0,237,273,308,289,218,317,206,288,484,589,445,454,528,469,496,404,458,314,231,329,165,310,76,0,170,295,227,361,465,482,367,418,210,510,505,506,463,507,668,627,751,656,729,737,782,657,675,657,284,239,165,400,314,335,447,319,241,324,533,397,512,523,629,336,602,377,508,598,286,113,196,280,74,294,28,179,149,197,404,314,339,680,681,357,557,610,419,478,471,490,436,442,394,307,480,289,607,416,501,649,634,626,671,674,733,729,474,661,551,557,600,564,496,618,514,620,581,525,750,579,662,717,717,772,722,764,682,663,562,601,603,478,478,660,711,622,645,572,158,158,106,299,251,80,297,162,129,176,622,634,722,340,754,697,574,593,741,624,520,585,564,522,636,648,543,570,591,548,343,466,344,360,305,561,352,469,425,340,291,388,429,131,387,359,127,80,257,270,465,351,474,397,381,480,600,423,576,461,466,390,473,472,570,613,546,593,497,509,686,231,574,399,615,631,659,407,694,665,529,407,355,449,432,469,563,324,332,503,627,666,656,559,703,710,661,554,644,658,195,478,430,451,231,216,486,442,372,485,563,485,615,530,503,565,518,540,401,522,647,552,628,498,625,460,583,512,488,305,460,671,639,635,604,683,533,596,569,502,255,443,449,577,325,464,274,393,133,282,631,576,674,626,666,593,624,644,619,619,459,527,297,396,621,551,496,359,316,499,586,583,636,490,617,600,565,650,708,548,288,283,284,317,312,299,305,382,306,360,604,435,387,484,418,230,453,233,627,460,643,592,603,597,681,627,616,645,647,672,422,602,557,351,432,344,621,506,618,563,532,654,571,575,555,573,586,630,512,557,459,535,471,474,626,554,586,541,545,511,685,789,754,657,691,670,709,421,601,724,632,537,689,351,641,367,554,446,515,605,501,369,391,168,411,304,448,384,583,580,370,470,474,548,302,444,479,377,428,407,641,590,636,708,677,598,627,616,635,697,131,309,160,420,210,257,130,361,339,368,253,309,442,234,186,369,256,245,411,241,654,640,615,630,623,636,536,640,510,349,412,599,314,238,247,555,528,550,673,531,506,442,507,561,431,419,585,389,515,454,490,446,374,462,498,356,413,492,394,508,0,80,249,0,80,168,367,236,96,0,241,238,283,249,291,83,379,473,301,282,412,568,268,584,352,392,299,485,578,356,443,318,407,414,465,306,311,357,484,558,0,0,0,0,81,0,0,0,0,0,360,380,423,360,391,319,372,439,376,305,80,225,139,156,0,120,123,214,164,0,167,307,319,427,243,305,250,208,374,312,258,637,619,616,486,396,384,455,422,600,254,337,340,85,249,324,344,324,313,236,509,408,405,578,390,353,488,430,534,450,367,392,502,367,503,449,218,469,272
0,0,0,0,0,0,0,0,0,0,0,0,0,0,0,0,0,0,0,0,0,0,0,0,0,0,0,0,0,0,0,0,0,0,0,0,0,0,0,0,0,0,0,0,0,0,0,0,0,0,0,0,0,0,0,0,0,0,0,0,0,297,306,257,302,267,282,329,297,305,284,0,0,0,0,0,0,0,0,0,0,0,147,0,233,0,84,120,234,217,88,88,91,90,89,88,170,90,0,89,0,313,304,273,172,151,224,307,243,307,425,0,0,0,0,89,86,0,0,0,0,253,92,92,316,93,172,0,264,183,89,312,311,314,304,283,315,311,323,318,313,251,239,317,170,332,321,260,259,256,260,89,0,79,77,89,0,241,85,251,90,90,93,0,95,89,0,78,91,0,0,316,317,308,321,311,298,292,331,308,329,255,265,261,318,92,328,91,264,316,87,333,322,325,316,230,331,243,270,328,315,402,367,398,411,293,376,502,303,397,337,337,409,341,324,377,402,387,326,458,396,328,427,314,389,335,382,338,376,406,404,379,423,512,388,417,464,383,444,352,474,244,449,262,467,330,338,378,264,504,514,572,466,366,413,410,445,495,461,389,474,614,511,560,588,576,453,511,659,471,536,402,385,453,365,394,378,453,388,361,448,597,459,486,614,649,466,500,596,499,458,356,425,414,397,446,446,365,383,411,384,475,293,390,568,453,513,455,494,391,428,620,638,498,615,563,566,436,661,591,565,339,436,499,585,535,503,276,381,501,419,502,704,487,521,646,459,416,595,546,336,480,462,442,600,389,652,395,645,271,379,401,241,537,402,370,303,334,425,342,384,470,500,532,612,648,639,585,644,427,436,403,246,501,247,231,389,292,542,348,311,490,557,474,553,445,558,556,494,560,371,542,596,372,478,547,608,473,570,618,551,552,571,639,324,630,566,632,553,552,394,387,318,210,247,363,326,314,508,390,244,312,310,351,454,325,594,400,412,348,418,501,367,508,425,501,427,585,643,600,351,334,230,247,239,305,272,310,238,215,242,409,356,548,564,545,586,533,462,487,502,563,661,487,588,669,720,492,599,691,570,436,465,511,437,594,446,521,361,542,486,470,555,567,655,533,623,612,690,653,535,664,485,651,506,490,656,477,629,539,401,396,355,339,415,456,517,468,489,397,354,390,405,517,347,346,454,509,399,379,401,287,251,279,337,277,340,230,283,288,206,498,436,525,353,447,481,444,508,369,350,646,634,681,677,678,581,662,680,604,714,526,378,298,358,360,355,330,357,436,440,641,690,765,682,733,651,765,707,703,690,447,421,406,394,463,503,485,589,454,323,611,687,621,667,604,602,626,665,652,547,598,644,628,659,672,675,625,662,703,658,465,431,371,402,359,476,561,557,409,470,416,325,505,407,415,329,645,390,394,378,530,418,631,542,450,460,583,606,622,491,545,517,434,608,550,529,449,500,507,489,474,328,402,528,461,492,373,424,406,480,602,671,656,510,587,622,592,568,621,622,754,751,714,682,696,732,697,733,650,702,561,585,624,655,743,662,601,634,649,646,741,618,710,696,719,735,742,740,679,548,561,366,573,562,584,628,499,552,505,509,471,666,589,669,474,554,612,554,466,564,515,494,634,542,468,516,526,546,525,656,761,495,646,546,560,711,560,573,527,686,553,547,580,539,483,518,513,493,516,589,493,466,474,499,649,404,536,472,477,457,675,565,698,701,758,718,691,648,684,720,571,473,569,586,642,589,427,561,439,585,479,637,611,604,590,670,496,590,601,548,71,164,173,160,91,186,167,179,269,231,698,706,717,689,739,682,633,723,537,685,384,521,289,382,294,408,425,308,385,431,765,724,772,644,767,772,690,623,657,740,536,530,586,647,620,636,650,646,585,586,569,536,473,590,537,572,587,575,564,577,684,683,699,597,704,742,639,595,621,638,593,716,569,719,647,683,527,663,595,645,729,628,711,723,714,744,663,687,710,628,790,643,758,684,771,790,595,738,613,701,608,620,774,745,752,767,776,755,634,766,724,663,729,694,637,669,765,602,635,736,435,526,427,356,381,373,475,379,281,363,727,628,687,701,665,715,758,716,695,736,667,643,750,751,725,770,671,510,627,790,655,607,577,570,617,602,574,594,640,632,632,571,510,454,495,522,522,551,552,538,703,780,749,658,687,621,664,772,782,652,769,704,750,666,583,668,719,778,724,749,738,631,629,679,650,677,679,579,562,554,740,684,678,641,704,708,717,672,735,725,746,794,735,728,706,746,729,729,704
0,0,0,0,0,0,0,0,0,0,0,0,0,0,0,0,0,0,0,0,0,69,8,0,179,0,0,35,148,21,147,0,0,0,0,0,0,0,0,0,0,0,0,0,0,0,0,0,0,0,0,0,0,0,0,0,0,0,0,0,0,0,0,0,0,0,0,0,0,0,0,83,79,88,0,0,88,0,0,0,78,89,63,205,0,67,229,83,0,0,68,0,0,0,0,0,0,0,0,0,0,297,300,239,270,210,271,201,265,283,266,174,88,306,240,161,157,160,162,321,306,352,426,296,284,414,349,311,373,297,379,323,303,313,368,264,313,308,326,305,311,269,349,313,361,309,414,341,337,321,521,329,323,316,330,214,313,326,243,333,323,399,318,316,280,377,319,317,324,313,385,393,319,372,272,385,264,293,227,127,288,240,298,235,150,161,255,226,274,138,128,172,238,217,307,322,134,220,302,217,292,247,244,283,216,254,252,323,264,213,297,90,0,0,0,0,0,0,0,0,84,0,0,0,0,86,0,0,0,0,0,88,219,0,150,158,168,91,82,222,168,88,0,0,0,90,0,0,0,93,0,436,335,256,458,338,381,308,321,329,464,338,332,372,336,325,325,339,412,324,446,319,237,283,273,319,324,280,303,436,271,334,231,344,240,383,188,280,288,179,350,354,370,426,443,472,431,510,521,391,612,501,578,652,680,457,649,703,585,479,658,262,307,230,191,286,190,359,235,246,306,579,425,395,331,490,281,212,413,441,349,689,539,683,564,570,709,593,594,557,434,385,657,492,611,707,622,685,689,577,543,514,328,457,421,373,299,454,444,319,455,450,535,322,419,296,372,364,389,423,413,373,77,291,350,329,275,315,260,319,338,357,572,531,461,570,512,608,528,539,471,541,420,298,421,312,482,382,375,294,350,528,496,538,387,403,451,390,402,341,363,475,610,513,564,621,519,478,436,580,299,100,260,218,206,89,235,85,0,0,304,431,589,468,626,567,496,691,591,442,470,424,324,491,524,408,339,512,546,402,231,599,449,325,491,341,353,493,568,456,463,485,505,816,610,644,619,578,759,538,653,172,249,317,222,223,81,263,333,175,248,695,700,347,431,470,644,484,674,701,314,502,471,578,471,351,354,564,421,676,465,529,691,501,679,682,703,606,538,712,753,256,288,321,390,352,230,353,279,361,464,537,543,520,523,639,485,692,691,536,541,607,760,650,614,760,748,642,699,682,637,500,543,595,642,685,585,540,667,540,540,571,433,562,626,584,459,497,436,597,618,634,671,627,594,734,658,663,664,752,748,636,618,567,731,585,651,690,536,632,646,702,762,622,729,659,663,734,554,715,765,468,571,355,594,404,504,597,502,520,408,565,420,682,497,567,477,693,574,541,642,661,670,570,678,541,630,542,557,475,676,667,604,591,647,654,635,500,653,654,640,695,699,617,770,737,617,698,587,720,732,484,582,672,557,565,543,537,482,544,540,474,722,727,783,689,742,680,594,649,724,700,820,775,684,705,791,746,744,764,618,631,665,647,585,719,670,697,616,677,613,632,642,668,731,722,743,698,578,742,638,553,440,576,495,505,484,450,536,535,413,478,634,620,550,498,616,510,528,556,629,620,580,583,577,633,585,589,519,606,629,701,678,632,681,718,665,686,718,741,736,656,616,751,556,615,634,640,686,641,586,742,747,636,705,698,802,699,713,726,720,655,479,524,648,548,733,538,562,668,517,34,203,0,174,177,69,168,58,0,0,682,666,691,643,644,748,692,719,638,589,684,689,767,713,660,721,772,739,724,736,372,439,408,300,368,376,398,409,315,392,752,459,637,565,480,359,576,601,524,578,620,581,593,698,631,638,675,737,605,699,712,818,779,790,827,735,797,733,814,661,685,676,570,622,626,709,631,681,684,729,578,738,612,593,608,593,553,579,596,608,725,750,604,635,725,729,739,658,679,705,584,466,442,574,564,600,605,547,567,547,456,572,517,510,588,457,519,445,589,607,507,520,493,609,526,507,584,573,505,579,624,609,625,647,640,569,597,643,678,624,640,724,666,683,629,635,672,723,662,685,576,621,563,581,632,552,638,606,585,608,551,461,490,475,520,579,549,422,504,564,732,718,728,700,748,689,639,699,665,720,426,408,482,622,558,444,475,525,548,448,707,669,654,629,721,777,678,665,639,619,548,628,510,520,450,386,509,441,564,539,730,699,624,731,685,734,714,731,727,671,575,685,685,638,602,665,722,660,648,670,646,696,625,614,718,667,678,609,672
