0,0,0,0,0,8,0,0,0,0,0,0,2,0,0,0,0,0,0,0,0,0,0,0,0,0,0,0,0,0,0,0,0,167,186,167,80,0,62,42,56,115,58,0,0,0,0,0,0,0,0,0,0,0,0,0,0,0,0,75,74,0,73,0,0,0,0,0,0,0,0,0,0,0,0,0,0,65,51,168,0,0,65,29,27,15,0,0,22,0,4,8,0,13,16,15,0,0,0,19,0,0,0,0,0,0,0,0,0,0,0,0,0,0,0,48,0,0,0,60,0,50,40,0,0,0,0,0,0,0,0,0,0,109,58,19,0,0,50,0,0,44,0,0,0,0,0,0,0,0,0,0,0,118,368,142,81,147,199,285,77,304,232,93,115,117,71,110,75,144,70,28,69,185,292,93,164,179,83,127,263,0,0,87,128,91,0,0,60,66,73,51,103,194,108,0,97,0,27,157,0,16,0,0,88,64,89,92,82,94,83,0,91,222,267,149,215,381,228,395,467,212,244,176,310,394,220,505,313,281,295,425,229,0,220,379,322,58,7,206,77,142,190,211,284,186,239,107,247,227,280,119,451,84,0,0,0,128,0,147,240,140,0,398,384,440,356,163,444,315,355,194,300,239,302,235,315,165,239,394,598,193,184,341,256,258,197,232,280,303,345,187,308,387,177,299,261,161,320,299,329,272,242,0,86,89,0,0,90,85,0,0,0,532,214,427,370,327,423,314,392,248,499,152,491,178,218,273,317,77,155,267,298,504,375,537,495,358,209,450,252,648,491,266,518,322,410,409,223,359,368,264,191,312,450,248,221,295,303,328,192,308,127,247,222,124,224,166,37,271,313,252,241,350,348,93,241,387,226,245,192,345,308,140,301,289,185,133,346,289,331,136,283,251,256,346,87,175,85,87,79,238,250,654,571,437,586,369,526,722,330,478,388,494,464,618,636,539,674,670,639,312,661,193,403,290,359,416,304,438,227,334,156,193,278,439,282,520,225,249,557,361,451,282,344,287,307,135,110,440,116,483,165,225,293,376,440,576,207,622,512,456,611,559,409,478,119,396,245,526,411,250,393,374,343,442,333,409,314,488,419,471,364,456,546,536,463,669,539,629,561,500,387,355,451,605,311,489,578,407,524,529,87,265,401,365,570,364,479,300,577,518,502,465,371,575,491,525,357,473,414,555,489,297,463,136,121,429,379,393,436,170,427,215,283,381,251,80,109,256,208,325,269,575,659,533,660,699,489,724,722,572,496,0,92,0,0,92,0,0,90,0,0,717,627,600,437,404,503,499,594,491,571,508,309,432,454,331,85,479,334,421,335,330,332,126,257,296,117,261,379,195,265,658,337,660,378,551,489,513,536,702,552,290,464,30,401,151,295,350,578,417,162,293,515,439,498,269,347,491,383,519,347,185,241,318,414,151,172,154,282,245,95,93,0,159,251,251,0,165,0,92,309,621,590,387,562,532,306,500,466,391,464,535,663,591,516,598,460,310,529,297,622,433,480,496,442,398,512,433,394,590,560,638,547,510,598,625,661,491,541,525,713,318,322,242,257,418,102,183,310,307,104,311,565,376,596,296,509,717,422,544,400,427,443,649,471,486,661,523,366,344,477,451,662,425,625,673,489,568,548,448,612,461,401,376,285,544,404,518,399,498,450,286,477,217,348,435,531,448,427,441,392,482,337,730,701,645,776,598,557,509,660,392,423,234,233,173,362,239,370,294,84,321,249,338,156,437,324,305,384,373,90,516,529,420,412,517,496,666,456,577,428,733,699,524,666,565,688,600,633,707,695,531,542,319,376,499,539,467,473,196,614,369,540,629,480,234,266,265,445,310,619,380,291,531,491,270,390,377,264,503,402,342,279,331,298,171,317,238,374,335,405,644,598,534,438,529,356,652,602,545,659,357,484,411,626,406,331,508,604,558,354,351,337,130,303,324,412,242,404,335,454,513,523,628,469,485,588,449,301,483,589,642,393,548,501,601,484,502,565,582,449,256,254,227,315,73,280,323,141,248,228,498,261,630,617,507,598,509,543,558,616,230,270,217,294,279,176,350,165,303,401,327,254,366,375,0,134,247,209,341,300,0,0,0,89,0,96,164,93,0,0,340,528,454,327,315,412,475,493,371,352,148,483,402,0,207,124,266,198,323,308,272,336,276,208,357,234,259,370,259,297,297,162,248,424,120,331,290,513,498,230,607,700,715,612,593,646,609,429,571,667,477,583,464,262,393,538,435,631,423,443,153,683,602,437,552,460,647
0,0,0,0,0,0,0,0,0,0,0,0,0,0,0,0,0,0,0,0,0,0,0,65,0,0,0,0,0,0,0,0,0,402,300,254,354,198,167,294,490,258,184,351,338,226,287,370,329,144,319,202,230,228,145,246,162,246,148,116,259,253,247,322,244,382,371,398,351,251,364,299,425,272,388,364,299,303,204,490,335,362,246,166,124,160,200,377,363,158,255,227,237,172,319,299,198,0,242,212,211,202,289,164,246,73,233,344,196,294,152,329,344,365,308,399,348,271,264,36,318,101,160,5,112,98,295,71,74,88,63,197,67,73,79,135,74,62,152,0,0,0,0,194,0,233,20,0,130,0,79,151,229,443,194,197,406,464,0,319,418,446,454,463,267,468,327,310,335,423,471,462,512,162,149,356,83,226,161,164,160,142,234,442,284,218,248,223,270,376,349,261,190,416,506,410,475,477,390,438,399,399,499,229,243,284,286,159,278,141,234,225,153,355,526,438,356,415,417,470,458,336,433,212,371,238,300,74,152,310,213,418,237,14,139,495,55,556,214,180,540,493,238,385,445,447,152,493,103,198,160,310,525,162,0,480,0,0,454,0,409,427,0,349,484,295,226,316,440,288,293,173,420,508,518,536,453,531,493,506,491,506,410,430,267,480,118,272,140,230,462,201,334,71,224,285,219,0,75,200,151,75,79,212,148,105,426,209,319,212,144,232,214,515,428,515,497,552,485,510,557,554,558,609,527,601,528,594,537,626,566,485,597,423,335,385,467,228,401,401,360,345,293,497,529,473,434,455,546,344,240,493,455,520,494,441,513,434,523,429,498,381,478,152,85,173,87,91,155,237,0,232,172,88,561,172,521,476,139,523,0,151,534,547,601,699,683,543,679,609,550,474,511,510,154,511,525,407,533,499,543,520,519,568,425,481,535,399,602,470,493,524,610,557,531,559,313,518,524,542,299,544,539,566,500,476,465,431,564,568,545,517,512,507,485,511,348,435,345,430,527,549,276,529,464,354,527,167,533,454,541,442,519,523,525,529,433,519,486,450,470,479,473,411,461,378,427,365,425,534,444,501,479,357,299,414,230,532,426,352,535,420,373,527,524,550,522,513,535,554,508,586,547,513,538,486,519,451,539,462,531,476,509,431,588,565,594,498,606,620,336,469,579,542,506,488,542,519,534,460,527,501,510,497,513,449,539,562,438,426,560,528,515,476,526,435,470,564,628,434,495,627,507,428,530,527,536,512,539,513,523,543,494,578,553,319,514,454,531,596,505,497,493,510,480,488,515,468,489,413,606,551,408,457,446,428,444,428,307,560,283,388,405,555,585,529,511,561,611,558,556,543,554,565,555,498,485,564,551,584,516,541,514,596,593,580,608,683,449,472,695,549,675,320,302,306,401,570,362,405,406,501,531,563,251,558,445,556,567,335,414,569,578,526,648,530,550,542,534,537,568,554,554,455,460,567,586,569,596,507,582,582,566,558,533,454,634,519,519,543,569,517,453,571,727,519,461,519,528,586,560,373,515,491,567,532,562,511,565,680,487,631,618,557,452,476,524,558,463,548,515,570,570,627,653,705,706,713,654,650,739,754,595,551,540,558,541,536,515,535,514,516,440,525,582,516,564,555,568,650,549,511,516,383,529,503,545,562,479,537,240,542,562,482,562,556,551,493,469,572,518,565,540,582,624,591,534,556,557,575,507,648,516,721,747,784,636,751,582,464,785,608,695,585,629,616,565,573,578,611,486,563,611,586,565,610,545,635,658,601,535,589,653,614,738,520,609,659,568,761,562,576,574,563,550,509,611,682,540,633,642,626,600,613,491,522,524,595,443,481,654,562,561,538,539,555,569,500,396,408,545,575,555,562,621,687,671,614,679,688,672,667,690,604,697,560,683,686,701,690,549,626,721,657,509,664,691,621,618,597,540,684,557,767,764,662,637,740,734,715,746,506,728,443,461,557,603,576,312,579,597,458,446,560,498,675,736,592,536,700,572,715,579,634,621,644,721,651,494,708,709,590,719,534,598,687,642,512,542,483,709,558,734,587,678,687,713,733,601,593,667,665,655,609,633,623,652,665,627,535,629,584,420,695,640,615,591,639,580,561,696,649,605,426,564,613,556,467,692,515,542,519,609,727,727,697,718,725,631,744,645,787,686,577,655,642,554,520,548,637,670,671,561,739,791,764,734,659,710,696,702,752,762,781,552,660,537,619,497,744,702,694,479,676,566,537,607,565,578,698,525,597,622,781,764,743,754,779,707,768
0,0,0,0,0,0,0,0,0,0,0,0,0,0,0,0,0,0,0,0,0,0,0,0,0,0,0,0,0,0,0,0,0,0,69,122,79,59,118,70,126,37,68,0,0,12,0,0,0,0,0,0,0,133,349,113,119,110,138,222,90,105,137,202,174,290,289,172,86,282,142,260,162,265,217,408,231,286,215,181,228,183,257,397,290,390,303,220,306,308,301,304,212,459,429,367,377,442,372,469,161,470,462,132,178,173,221,229,208,165,240,182,189,235,342,379,355,377,422,497,379,305,456,303,310,207,295,298,318,275,342,411,226,408,209,551,365,382,536,430,436,288,473,442,339,404,361,428,399,323,435,380,405,444,344,384,354,404,491,392,246,515,425,480,357,312,341,334,270,436,395,495,353,174,230,161,177,161,159,157,156,160,69,250,249,247,238,296,374,174,304,237,389,233,249,168,444,261,240,259,178,239,253,684,642,719,553,655,736,632,716,677,672,540,473,344,475,399,400,451,416,432,484,591,655,627,537,556,607,622,661,653,578,607,573,569,659,619,654,593,599,621,650,581,651,648,622,618,528,635,618,663,651,595,617,623,588,494,593,636,617,616,533,463,486,562,595,512,566,545,485,723,506,427,466,512,534,531,513,489,455,437,482,624,592,636,449,628,666,593,648,619,591,642,577,666,651,656,611,684,669,689,644,610,601,607,550,560,593,659,597,593,620,412,441,430,433,465,516,460,410,485,529,586,547,651,689,621,592,726,679,577,644,627,616,629,618,652,627,636,645,588,641,689,625,715,767,728,700,696,780,732,670,493,716,542,602,634,558,649,606,586,633,580,533,629,572,464,596,628,666,594,602,675,639,723,724,699,642,624,687,648,683,742,809,789,678,706,770,742,741,763,769,701,675,652,708,686,686,678,785,622,734,741,760,749,755,813,820,732,750,756,736,612,578,611,606,605,615,662,605,663,551,758,813,696,764,753,738,772,756,776,708,686,787,767,785,683,797,694,670,653,784,712,726,801,710,763,752,799,740,809,760,663,712,665,645,681,683,646,639,652,623,715,606,712,754,723,689,730,758,692,691,612,731,636,655,699,584,586,622,623,641,569,623,575,635,673,632,679,625,664,558,765,703,734,792,791,700,678,664,675,787,672,772,708,770,658,675,694,706,715,669,713,676,689,712,646,717,648,708,780,647,763,701,639,750,710,725,669,708,678,686,779,752,731,753,823,780,795,712,793,785,706,762,733,640,765,758,718,746,768,762,758,771,730,805,703,710,712,695,719,772,710,712,716,685,801,706,722,687,728,681,701,764,690,767,671,688,673,770,668,687,770,722,725,798,688,792,696,808,821,719,683,742,586,649,657,679,682,678,720,628,710,756,746,782,584,704,660,675,754,718,674,678,842,737,626,717,683,743,836,730,605,654,641,674,631,583,597,639,633,670,739,798,598,729,719,735,707,773,742,769,707,730,711,724,689,714,740,715,779,690,679,668,753,668,707,682,622,682,694,655,764,688,676,738,710,734,686,705,786,706,715,751,769,725,721,744,783,778,713,750,802,781,758,692,776,725,814,747,813,735,774,794,798,728,799,774,718,776,784,735,719,752,774,701,756,725,760,753,701,723,710,819,801,713,770,675,764,741,763,819,748,693,791,776,760,754,719,818,800,824,657,604,692,621,599,671,672,673,615,732,643,658,735,760,694,722,690,700,665,702,703,612,778,714,697,700,732,669,748,737,600,694,689,657,637,725,686,763,680,678,734,760,674,772,744,679,750,820,780,737,756,734,698,758,748,722,826,724,775,783,682,781,751,642,782,757,751,770,732,682,800,777,765,756,715,746,776,774,673,777,779,703,769,760,720,777,706,724,788,764,683,668,659,710,689,680,699,683,701,715,831,797,776,753,739,737,738,756,749,758,668,720,665,637,733,673,638,620,677,666,624,710,651,767,656,685,679,690,729,721,793,682,783,725,724,803,754,727,699,650,694,751,728,702,660,714,697,671,724,619,720,718,672,740,664,734,623,609,689,738,851,731,818,809,795,822,694,767,827,780,658,636,700,628,650,594,673,562,628,675,749,713,664,664,747,681,722,654,691,682,814,788,734,805,794,696,804,803,775,787,761,753,780,794,735,741,767,797,744,779,749,651,654,703,759,709,754,753,696,750,688,758,788,808,663,757,747,736,790,689,744,808,737,745,790,808,694,802,806,749,704,657,668,699,703,683,717,670,662,680,698,780,798,753,720,762,766,743,820,820,710,724,682,658,694,691,703
0,0,0,0,0,0,0,0,0,0,0,0,0,0,0,0,0,0,0,0,0,0,0,0,198,208,212,212,214,174,277,156,143,0,304,0,0,73,191,0,0,0,0,149,183,130,183,130,97,134,174,137,151,410,457,89,61,289,480,46,607,514,29,303,255,332,255,274,382,155,225,245,283,184,102,114,101,116,104,176,105,261,141,226,223,147,401,140,211,324,75,155,406,349,455,654,631,629,495,629,531,619,590,296,394,406,354,428,366,434,247,361,388,196,142,236,207,176,353,205,188,411,241,385,173,353,450,411,478,255,377,346,249,462,472,478,448,580,482,487,452,450,610,166,233,257,272,172,159,157,260,91,86,490,487,494,512,622,615,681,612,599,493,621,607,497,572,628,595,523,454,583,437,384,244,374,419,397,300,401,236,427,385,457,729,639,490,745,633,574,476,521,746,412,430,466,528,628,509,410,469,455,573,525,603,515,542,556,449,611,577,559,447,394,529,339,467,178,450,411,465,409,391,405,360,454,478,539,382,550,331,343,416,466,648,479,500,644,660,495,444,470,632,704,736,738,690,720,636,652,611,658,667,549,514,575,589,618,631,636,608,479,483,642,496,449,448,519,536,628,442,435,509,461,765,649,766,707,728,722,761,699,778,635,541,625,553,743,623,665,764,545,623,630,670,644,679,699,724,732,679,603,649,712,582,659,624,705,368,556,608,477,549,620,678,702,600,781,590,564,641,596,709,668,683,701,582,718,705,661,676,704,680,657,665,650,514,766,752,762,479,515,784,556,810,825,623,591,799,816,672,703,800,597,628,652,506,473,493,503,464,507,491,769,764,761,683,720,833,708,787,759,777,525,749,710,709,673,686,621,633,656,762,719,716,709,700,629,696,744,768,751,655,521,620,648,520,637,510,727,511,521,528,725,715,710,549,686,748,739,725,741,779,719,731,774,718,705,790,809,607,704,710,754,640,689,734,704,734,589,733,678,636,709,660,677,716,696,695,662,585,690,575,698,807,820,782,721,790,759,745,679,752,700,751,824,711,810,798,704,809,822,811,630,763,725,765,832,817,750,754,759,820,688,776,644,782,780,747,773,659,776,692,821,828,760,815,778,845,767,787,801,825,748,794,700,715,772,689,747,697,724,747,804,697,630,749,753,670,677,721,774,791,679,661,565,680,697,649,762,751,726,629,832,818,793,792,794,841,842,853,747,824,739,802,781,728,775,709,812,710,761,744,779,800,730,745,754,780,824,748,840,787,823,812,856,815,840,828,788,835,832,798,704,745,817,815,697,676,800,754,731,718,789,775,800,764,828,843,830,782,733,745,718,714,763,801,781,714,759,710,750,820,728,756,797,681,762,724,651,723,805,692,796,740,749,756,767,793,729,740,806,757,854,750,847,841,797,836,766,779,819,788,802,821,831,806,808,847,842,838,832,785,825,766,786,793,815,738,821,794,819,707,804,736,781,835,809,754,799,724,756,749,824,841,820,797,860,798,778,772,734,791,810,794,840,824,821,841,756,838,854,829,808,813,808,827,813,840,794,845,805,829,751,809,839,782,765,839,791,805,836,820,842,788,760,729,758,805,753,813,797,774,841,796,852,815,788,824,781,765,815,781,813,723,717,702,785,758,790,795,818,734,728,796,742,771,735,796,786,776,720,809,797,820,834,769,798,815,822,769,826,810,835,840,827,808,763,826,803,814,834,779,766,714,789,805,772,752,800,701,807,767,715,812,823,845,795,812,814,692,797,726,690,742,791,782,764,799,769,724,802,782,839,778,826,789,816,795,803,767,768,779,854,833,826,806,852,845,855,821,865,827,829,793,751,747,758,760,786,751,832,794,696,821,784,772,774,798,796,814,810,762,706,681,649,646,715,719,688,634,756,667,758,752,756,752,767,759,777,735,760,728,849,810,786,792,773,830,791,817,790,798,820,805,848,790,766,788,740,791,804,796,698,661,721,730,721,730,678,704,745,693,828,759,736,781,845,831,824,771,800,807,761,793,749,715,779,730,800,765,785,789,687,777,705,798,777,812,749,799,745,789,721,771,715,754,794,777,719,738,705,789,774,807,729,776,754,796,727,783,795,775,753,846,730,800,827,757,778,744,776,787,736,789,735,722,693,735,764,728,788,676,774,780,796,824,804,793,774,748,801,764,758,704,731,736,700,691,754,702,716,700,713,752,788,791,792,751,795,753,791,749,642,656,701,660,661,708,694,661,661,645,707,706,718,714,742,723,721,752,732,732,660,660,728,693,730,680,702
30,42,0,0,10,0,36,0,0,25,0,0,0,0,0,0,0,0,0,0,0,0,0,156,162,162,176,77,161,163,79,170,87,162,137,137,148,160,147,114,140,125,143,133,125,206,94,139,224,191,209,206,176,31,68,138,37,132,46,94,70,136,110,283,212,306,296,222,362,240,292,170,369,81,192,213,215,76,113,206,213,129,153,154,160,166,169,163,172,148,231,72,154,242,237,236,166,223,230,163,230,165,161,316,165,303,387,285,262,220,304,235,220,315,79,0,422,187,158,310,246,167,164,0,163,0,82,145,82,0,0,211,84,0,0,83,86,0,0,88,0,84,0,80,135,156,235,83,137,74,144,287,84,136,286,206,83,85,229,197,245,196,190,0,27,0,196,0,129,0,150,199,148,183,189,189,165,143,126,215,83,206,167,0,0,0,0,0,81,0,0,0,0,168,0,0,85,0,77,0,169,87,0,83,0,0,0,0,0,0,0,0,0,305,164,84,232,244,176,169,79,172,172,237,184,168,149,203,105,138,220,221,163,0,0,54,125,82,128,73,131,201,74,0,166,233,239,155,234,76,78,220,161,172,105,189,46,95,402,46,145,124,149,0,85,85,178,89,0,159,0,0,0,0,143,34,113,85,0,175,159,0,77,371,431,378,323,373,315,151,390,196,388,509,436,353,372,463,504,348,394,504,329,83,0,0,0,89,89,86,86,247,150,238,301,325,285,322,270,90,293,232,293,0,79,86,0,0,0,0,0,0,0,0,0,0,0,0,0,0,0,0,0,140,177,72,258,203,80,177,87,177,106,83,0,153,0,161,87,85,88,80,79,407,285,283,247,289,245,365,249,342,378,256,259,170,86,83,242,306,89,251,166,174,332,355,246,252,386,85,251,176,354,225,252,314,297,370,216,279,286,234,268,0,0,166,89,85,89,92,168,87,175,0,0,0,0,0,0,0,0,0,0,238,330,311,199,264,425,346,325,236,313,37,221,252,171,242,225,299,271,141,180,451,453,319,439,236,362,379,464,405,380,249,297,331,243,260,391,262,263,231,82,301,87,77,0,88,0,0,175,0,181,236,242,299,300,267,223,125,245,308,309,379,354,324,318,368,442,394,415,363,478,85,168,176,0,177,85,0,95,171,257,422,409,390,382,320,348,378,364,396,388,87,179,241,233,88,176,173,176,376,250,475,312,421,567,407,519,293,383,337,465,225,208,262,278,195,206,140,169,220,320,0,0,0,0,0,0,0,0,0,0,91,230,152,180,0,87,168,0,88,87,0,48,0,86,0,0,0,0,0,1,310,372,185,261,305,236,313,224,390,199,87,93,172,172,0,166,0,296,77,85,432,373,351,405,420,412,449,325,430,218,280,334,419,411,340,399,513,301,353,383,0,0,0,0,0,0,0,0,0,0,0,0,0,0,0,0,0,0,0,0,0,0,67,0,0,51,66,0,59,0,0,0,0,0,0,0,0,0,0,0,0,0,0,0,0,0,0,0,0,0,133,181,87,54,87,44,43,0,86,71,0,0,0,0,0,0,0,0,0,0,146,130,125,64,136,136,74,198,169,77,568,264,552,408,444,434,482,540,501,461,0,0,0,0,0,0,0,0,0,0,0,0,0,0,0,0,0,0,0,0,0,0,68,0,0,0,0,0,0,62,0,0,0,0,0,0,0,0,0,0,64,18,70,59,81,53,88,76,77,0,314,293,306,326,364,324,420,297,259,298,0,0,0,0,0,0,0,0,0,0,309,367,140,283,212,258,258,270,324,168,0,0,0,0,0,0,0,0,0,0,0,0,0,0,0,0,0,0,0,0,330,311,238,321,345,178,348,445,436,386,67,69,84,61,87,72,73,88,84,83,291,288,356,327,194,305,344,203,307,240,366,310,365,331,351,232,388,376,360,345,209,333,197,287,234,220,243,227,234,222,0,0,0,0,0,0,0,0,88,0,245,255,320,370,388,245,383,256,236,185,207,202,188,173,146,189,84,119,0,142,382,504,475,275,483,276,484,471,137,427,0,0,0,0,0,0,0,0,0,0,386,357,346,418,361,436,240,409,397,433,0,0,0,0,0,0,0,0,0,0,408,166,172,147,234,234,232,341,232,217,0,0,0,0,0,0,0,0,0,0,281,236,313,276,254,215,241,300,272,275,0,0,0,0,0,0,0,0,0,0,0,0,0,0,0,0,0,0,0,0,21,43,0,0,63,56,0,54,12,9,0,0,0,0,0,0,0,0,0,0,85,88,86,87,87,0,85
0,0,0,0,0,0,0,0,0,0,0,0,0,0,0,0,0,0,0,0,0,0,0,0,0,0,0,0,0,0,0,0,0,0,0,0,0,0,0,0,0,0,0,0,0,0,0,0,0,0,0,0,0,0,0,0,0,0,0,0,0,0,0,0,0,187,363,165,254,0,0,285,128,0,0,0,0,0,262,0,0,0,0,0,0,0,0,63,0,0,0,0,0,131,204,393,259,325,289,327,179,188,197,69,123,240,262,106,93,42,0,210,151,8,324,0,294,42,15,20,18,239,36,292,308,407,231,297,299,132,311,298,276,0,77,238,0,158,102,0,15,249,146,262,288,165,350,370,270,242,328,120,279,189,259,196,51,213,107,187,176,304,261,325,110,382,148,354,154,373,414,198,253,446,493,225,463,263,321,454,384,512,291,68,282,312,207,221,271,122,120,347,322,210,135,268,136,217,151,140,73,297,187,103,213,137,197,143,236,118,135,296,114,264,116,183,126,189,119,176,390,364,184,318,390,247,464,370,406,345,369,352,446,334,227,429,285,298,309,287,410,308,301,199,102,268,268,251,158,285,290,227,265,154,156,248,232,300,155,245,170,160,188,213,237,211,289,287,167,235,71,336,150,200,294,205,315,233,283,308,253,429,196,91,188,177,164,161,169,96,235,38,120,282,271,212,205,350,284,300,204,310,291,303,375,381,401,333,409,346,342,345,331,286,406,440,350,485,465,498,387,395,449,229,73,0,233,69,212,0,0,0,244,126,86,163,139,131,85,142,80,74,0,155,438,311,428,497,207,465,478,330,409,181,432,409,364,446,434,417,311,276,523,484,391,519,494,488,519,382,404,398,447,154,189,112,217,145,169,144,222,192,126,267,405,383,556,541,429,368,373,470,457,439,634,478,461,486,491,512,431,442,351,362,337,304,379,498,382,359,395,461,424,579,327,372,422,390,316,296,460,249,242,266,446,362,266,332,314,366,209,258,389,441,404,349,428,371,309,463,339,428,223,380,394,436,313,388,395,421,403,331,394,593,470,452,478,517,604,618,470,501,510,414,366,401,421,360,422,403,466,403,304,420,455,470,531,550,362,473,461,541,521,234,422,251,349,227,417,443,275,365,300,71,80,0,49,93,0,144,0,154,116,324,470,417,477,507,494,354,515,398,452,451,434,372,417,471,520,405,434,511,628,539,505,508,496,582,576,438,467,502,504,306,180,306,420,318,429,329,291,276,309,490,459,423,429,409,372,492,351,337,397,641,656,649,729,627,602,673,600,618,502,379,419,376,434,268,381,310,272,222,374,642,562,423,583,586,659,331,586,277,646,362,378,403,471,488,346,384,394,334,478,171,151,151,207,120,0,196,122,86,198,243,152,195,160,62,244,326,148,133,272,554,619,581,536,460,538,572,638,683,594,583,553,629,569,603,571,643,601,526,519,425,533,479,535,552,426,498,517,547,495,330,357,326,278,331,259,332,325,232,298,404,485,380,463,549,570,533,492,527,403,594,569,564,619,562,553,436,655,551,505,508,601,665,599,650,524,718,692,520,616,93,237,240,209,167,166,242,244,224,231,538,560,476,560,451,441,482,554,558,462,611,567,614,619,539,601,533,590,464,657,559,569,607,614,613,628,624,544,610,550,474,452,487,405,515,498,433,591,516,488,596,559,582,645,596,511,586,583,579,591,491,523,423,393,397,372,476,356,481,400,348,367,382,351,334,418,382,397,407,416,573,498,495,527,483,552,621,520,589,485,232,380,344,264,230,310,262,301,318,348,374,378,324,312,314,329,279,322,303,251,633,666,558,638,672,606,607,633,643,678,718,574,592,578,571,602,684,580,573,785,493,463,475,490,376,494,496,485,461,478,359,309,335,321,297,291,372,310,423,493,537,512,518,532,494,408,568,465,503,617,490,440,499,460,451,480,396,427,479,407,490,454,524,524,538,504,404,546,416,427,589,521,687,647,754,493,711,637,683,687,595,675,708,664,578,643,593,699,623,477,394,549,456,450,447,459,531,443,396,350,538,671,573,584,584,635,655,669,610,601,636,709,641,685,773,566,594,734,647,664,473,556,681,572,570,351,591,526,632,508,768,602,613,616,700,767,690,719,700,565,336,309,536,402,640,444,355,654,593,499,550,447,606,562,639,517,462,557,508,539,669,676,573,759,737,752,627,718,645,761,710,691,716,719,576,610,683,754,641,687,616,720,604,695,671,639,526,657,524,666,716,545,551,666,624,609,582,504,635,730,344,311,384,301,336,314,306
0,0,0,0,0,0,0,0,0,0,0,0,0,0,0,0,0,0,0,0,0,0,0,0,0,0,0,0,0,0,0,0,0,0,0,0,0,0,0,0,0,0,0,0,0,0,0,0,0,0,0,0,0,0,0,0,0,0,0,255,0,3,0,79,0,80,0,0,69,0,0,80,84,161,0,0,82,0,0,0,79,0,164,165,229,227,160,147,192,166,147,155,161,163,213,167,161,54,152,167,168,81,163,165,145,314,254,161,149,270,143,198,167,0,0,0,0,0,0,0,0,0,0,269,147,276,365,292,362,355,220,346,416,128,95,87,102,119,63,127,19,150,180,56,55,95,61,65,0,0,76,0,0,142,257,174,160,196,165,220,274,227,284,84,108,149,140,132,137,80,154,103,149,260,224,251,163,245,155,226,206,195,143,0,0,0,0,40,0,0,0,0,58,266,281,273,187,362,189,236,267,236,226,248,169,217,200,267,259,185,202,168,206,246,310,331,246,200,283,275,185,291,283,421,393,305,363,336,285,363,423,400,382,198,218,208,231,157,225,170,169,56,200,436,423,417,448,457,325,440,424,419,502,240,256,188,170,246,218,176,210,210,245,376,429,401,335,284,391,356,312,352,401,483,550,510,564,476,548,505,568,577,491,448,400,438,409,414,434,249,345,397,395,488,474,513,595,507,513,629,557,487,440,428,432,514,456,467,429,395,539,421,489,351,371,362,468,362,316,439,341,391,350,124,201,199,208,153,322,250,434,239,239,372,424,479,433,424,494,492,443,484,434,292,356,303,318,320,305,289,311,303,323,309,341,387,348,360,441,361,415,438,406,619,605,654,655,699,754,594,735,614,641,385,500,446,432,318,362,457,439,262,388,611,646,480,739,569,553,627,709,650,576,698,636,551,580,704,656,718,626,612,522,700,611,592,594,643,564,621,579,622,577,611,718,617,644,586,590,553,608,530,480,483,391,451,432,599,463,469,376,402,710,553,711,740,647,633,613,628,567,511,502,685,679,679,708,628,747,690,683,693,701,702,611,679,687,696,606,593,512,690,743,551,641,619,585,562,791,748,750,703,793,525,537,469,510,504,718,663,639,735,571,762,590,717,544,700,666,748,657,714,695,705,652,609,658,591,582,655,666,655,641,755,731,751,695,723,774,681,670,703,756,638,648,664,624,694,655,671,688,657,669,546,538,452,584,536,534,475,655,626,602,722,619,690,745,753,686,686,738,776,774,732,685,677,696,505,754,664,740,794,771,736,768,756,738,779,794,806,722,765,766,672,671,773,743,798,714,784,647,700,823,655,634,671,630,701,658,682,746,734,634,620,655,623,576,661,491,678,464,624,580,666,738,749,591,706,713,781,649,684,744,694,703,702,662,690,659,700,684,674,671,725,669,690,631,755,730,741,698,617,745,787,787,809,808,797,865,765,789,772,753,750,755,701,701,708,666,701,753,679,670,667,739,725,729,691,641,699,696,651,727,774,772,756,767,760,782,750,695,767,727,711,713,712,698,697,713,778,707,729,757,765,755,601,663,727,771,718,668,739,715,763,685,747,619,728,650,765,704,721,804,542,613,635,606,633,490,578,546,537,524,703,782,749,745,734,758,782,729,733,720,720,754,768,768,727,702,715,794,691,769,851,807,806,835,788,826,790,760,765,816,791,758,731,784,826,814,803,789,765,745,774,780,801,787,830,803,786,794,826,798,707,682,739,756,707,683,633,587,676,707,810,750,779,770,802,775,752,772,801,734,838,772,778,819,772,783,801,761,735,840,646,714,686,718,693,660,720,623,640,707,804,841,813,797,739,724,815,792,829,789,787,787,781,796,805,821,762,796,784,777,794,776,816,834,836,801,778,815,770,824,756,746,746,725,742,735,722,763,778,736,833,780,805,734,798,792,803,774,779,770,747,751,796,688,747,765,748,761,706,734,809,834,824,785,841,759,827,780,810,856,792,760,805,796,771,801,791,769,814,725,800,757,766,813,754,794,738,760,806,761,770,770,814,789,769,830,810,823,784,819,762,694,645,684,677,765,675,732,741,692,748,761,815,715,759,730,744,797,804,756,790,753,805,785,794,813,781,767,771,806,781,829,772,785,815,820,766,851,760,854,828,812,804,833,781,729,825,773,783,767,725,669,752,659,749,764,737,760,736,725,813,765,786,761,777,841,771,760,820,769,826,852,813,823,792,812,787,808,818,809,788,786,805,833,771,778,780,784,780,790,783,800,759,733,719,814,775,767,831,811,794,782,813,805,806,810,718
0,0,0,0,0,0,0,0,0,0,0,0,0,0,0,0,0,0,0,0,17,0,0,0,0,0,0,0,0,0,0,0,0,14,0,66,27,75,0,15,79,0,149,39,43,232,0,0,23,43,11,80,0,368,277,46,257,105,231,105,413,269,216,381,0,161,168,10,109,386,0,221,13,262,155,198,210,28,83,220,73,134,146,386,363,204,379,337,160,204,203,222,241,259,182,385,354,316,264,320,418,286,269,395,374,407,396,433,289,237,294,241,367,147,166,166,433,156,230,240,167,166,220,144,578,135,219,361,424,405,176,165,346,326,364,254,392,342,294,288,352,306,440,402,264,390,571,323,374,462,368,266,416,520,558,491,471,502,599,602,440,406,515,391,577,456,674,485,523,654,548,641,609,572,673,566,585,579,643,653,633,574,459,519,632,533,633,516,513,638,575,579,505,525,401,514,531,445,437,473,383,543,326,552,626,430,578,654,384,461,710,702,611,589,557,455,527,485,557,420,493,580,605,529,460,519,519,518,531,517,510,235,537,492,611,502,537,503,453,488,502,369,415,373,310,508,275,287,482,405,391,446,365,672,507,686,677,658,696,723,618,638,672,602,467,543,526,402,456,454,552,574,579,576,536,641,669,582,620,613,630,697,564,493,619,668,579,465,687,508,528,554,620,580,546,670,684,561,701,706,514,634,688,553,550,592,674,655,637,681,731,654,639,575,603,710,592,623,659,569,436,559,704,652,648,617,707,620,674,691,613,706,665,528,526,508,449,483,496,542,437,519,489,606,573,487,610,620,628,615,547,516,579,538,619,701,649,611,569,661,487,613,690,641,676,607,604,632,660,596,584,617,660,580,746,694,654,691,640,719,602,692,755,576,533,500,512,594,498,533,538,531,488,708,537,717,594,665,701,621,624,568,717,647,610,696,551,740,668,583,527,619,614,666,727,703,725,735,738,664,684,668,705,777,757,700,755,740,784,693,774,720,686,616,692,749,663,661,709,594,773,667,745,709,714,725,724,719,692,734,623,735,692,711,687,739,803,740,735,690,756,763,795,738,743,769,703,713,736,695,729,773,755,804,758,725,707,749,721,701,837,759,692,779,741,709,782,761,789,751,802,757,841,761,727,693,720,714,647,730,732,704,744,851,837,775,820,769,799,757,782,808,853,774,731,742,701,653,666,746,756,684,752,785,738,776,790,797,779,761,729,758,697,768,810,742,798,826,727,752,764,829,810,737,715,672,657,673,736,697,736,637,720,820,806,752,815,719,806,809,774,772,812,712,754,773,804,833,827,768,812,760,837,780,776,841,807,772,756,826,828,848,742,809,811,829,771,829,779,797,816,780,829,689,733,757,763,772,770,764,694,773,737,824,836,775,805,812,804,796,810,781,801,738,789,796,767,805,778,781,845,737,804,830,822,853,848,823,818,849,795,845,859,840,751,835,835,787,816,773,858,779,865,851,843,794,857,833,850,826,875,835,855,814,848,831,812,840,793,806,770,794,798,798,784,780,755,790,785,810,723,769,794,819,811,757,772,694,723,778,777,819,793,751,760,800,819,698,773,798,801,757,812,703,692,707,699,705,751,710,705,639,752,829,817,796,765,828,819,832,822,827,848,807,805,777,807,811,699,787,739,759,776,806,736,792,757,785,771,798,747,794,781,786,802,816,818,823,818,806,803,801,833,815,831,811,794,833,815,827,837,822,834,791,796,766,723,801,783,789,797,817,786,803,810,774,778,790,839,774,818,794,814,751,825,816,796,807,736,778,779,747,846,827,832,808,838,779,834,826,796,836,792,807,792,803,800,796,805,768,763,775,726,783,772,765,789,792,766,767,810,754,747,789,744,626,770,784,796,750,734,752,739,781,701,770,802,776,766,756,821,791,801,736,688,795,792,742,744,822,736,741,781,835,801,822,756,798,834,790,770,829,813,776,808,785,765,835,722,740,699,744,718,766,759,766,798,741,788,803,783,776,737,790,741,750,777,805,749,705,689,716,756,835,796,798,837,860,829,827,811,820,844,842,837,847,822,812,798,848,827,794,851,789,800,841,746,794,752,803,791,786,849,781,770,744,803,709,696,766,773,752,796,706,794,808,837,828,750,765,821,779,785,770,803,718,753,815,793,720,747,780,814,731,774,738,707,784,660,791,797,744,700,802,815,832,763,820,805,818,794,728,820,812,822,834,814,826,806,767,801,762,829,807,765,798,789,761,789,792,761,824,772,789,804,837,793,723,796,805,708,759,765,671,812,808,835,802,804,770
0,0,0,0,0,0,0,0,0,0,0,0,0,0,0,0,0,0,0,0,0,0,0,0,0,0,0,0,0,0,0,0,0,0,0,0,0,0,0,0,0,0,0,0,0,0,0,0,0,54,0,0,0,167,143,131,157,152,107,169,156,141,159,0,0,119,0,0,0,0,0,0,0,0,228,125,103,160,97,0,0,195,65,93,148,152,0,0,86,0,0,41,119,374,117,301,326,320,310,214,259,332,342,214,178,200,188,213,216,148,228,182,210,0,190,0,55,223,0,206,0,38,48,272,358,285,282,249,242,326,222,160,250,254,368,256,256,251,345,324,250,265,254,227,304,244,304,314,273,368,230,245,252,145,0,0,223,0,87,0,78,0,147,329,321,206,472,404,387,100,344,393,395,132,393,310,345,91,248,325,352,366,225,149,381,252,268,3,0,371,141,415,207,109,389,63,377,278,364,366,371,337,477,229,37,29,171,254,130,22,254,115,208,303,246,366,279,391,178,349,492,384,237,11,0,0,0,199,0,88,0,194,114,335,417,367,366,472,347,408,451,437,223,427,598,454,488,474,358,326,456,284,323,144,277,124,157,266,103,300,337,254,299,349,443,278,374,262,413,425,337,357,429,160,69,163,142,282,195,302,247,272,161,293,259,242,315,248,202,156,281,257,248,296,201,334,269,331,264,151,103,261,280,197,157,354,243,206,314,114,223,404,268,0,167,82,244,86,0,0,0,84,0,84,86,82,0,0,0,0,0,83,0,279,481,177,359,318,282,431,372,259,449,159,215,232,432,235,64,309,416,395,335,311,326,404,363,377,342,318,471,382,374,382,397,391,436,392,537,457,314,479,404,426,539,482,426,369,476,433,516,474,219,193,268,224,256,193,309,318,308,229,144,269,252,249,354,239,359,291,381,232,322,92,176,261,72,85,176,165,175,92,90,454,465,340,416,403,439,421,483,483,392,448,454,448,432,538,435,442,414,352,576,170,93,327,252,175,0,177,0,163,91,492,506,525,441,499,500,511,493,518,502,177,226,179,271,217,144,234,200,231,105,0,82,0,0,0,0,81,85,0,91,295,219,237,248,217,271,197,342,206,264,159,164,163,238,175,172,91,148,0,82,557,516,517,529,533,581,525,565,546,528,164,169,166,163,0,171,165,181,0,164,541,489,173,497,455,435,536,531,552,521,468,567,554,544,524,569,596,462,509,612,438,413,506,507,478,460,500,439,460,458,175,260,172,252,174,258,72,181,178,257,539,547,525,482,553,558,562,594,492,568,547,633,613,609,693,614,642,630,606,648,576,575,557,576,586,521,583,594,577,575,564,522,527,512,507,515,527,512,534,504,528,526,514,503,414,484,503,483,486,504,573,493,545,508,550,624,551,572,545,552,616,595,622,620,586,564,623,565,516,542,562,676,506,561,518,642,580,590,655,618,613,626,637,544,551,638,606,558,553,618,538,544,557,541,545,548,524,551,523,531,540,538,573,608,554,527,538,548,556,556,674,665,640,634,563,586,603,678,614,638,537,587,454,520,568,568,547,579,538,537,648,614,599,602,597,624,563,638,609,654,518,567,603,510,554,527,529,598,547,524,488,654,530,510,582,469,610,537,533,512,663,649,650,665,637,661,699,674,614,691,174,441,394,467,249,395,395,422,454,395,644,706,708,673,688,709,639,653,677,657,695,710,724,661,713,721,775,706,722,691,664,673,635,663,693,690,587,675,693,631,740,729,679,682,694,688,631,677,662,695,691,674,621,664,692,691,697,618,677,650,741,709,725,737,657,697,692,692,697,660,844,744,778,643,781,740,756,709,763,818,594,709,718,700,716,720,735,754,749,702,672,721,725,694,690,727,724,721,706,697,709,736,730,781,731,714,742,758,732,739,652,707,741,730,693,674,712,698,626,691,765,768,718,781,743,712,725,729,759,740,751,732,728,717,732,713,643,722,692,746,733,752,742,741,784,784,704,746,761,737,765,732,683,802,717,701,713,753,756,750,641,729,740,649,637,691,676,720,706,684,749,731,676,698,723,758,708,682,730,715,787,787,766,818,768,808,811,790,807,833,796,725,755,707,759,723,790,763,783,722,835,757,761,779,823,801,831,798,808,768,765,795,783,766,743,745,757,740,749,719,810,772,743,791,822,789,814,790,767,805,792,783,785,797,765,837,808,728,802,798,778,767,811,778,791,793,807,833,789,816,710,707,725,781,770,770,774,714,775,742,807,814,834,853,825,784,864,828,845,828,769,824,794,829,739,816,816
0,0,0,0,0,0,0,0,0,0,0,0,0,0,0,0,0,0,0,0,0,0,0,0,0,0,0,0,0,0,0,0,0,107,50,0,208,0,259,188,231,65,18,70,113,103,109,0,88,0,67,123,81,24,75,0,0,63,0,0,0,0,0,74,219,283,263,75,40,215,66,0,209,0,260,73,83,118,62,0,128,73,49,369,366,130,546,457,329,353,469,538,308,156,245,377,441,255,356,416,210,41,474,277,149,169,119,74,221,155,367,318,173,217,111,228,224,301,363,252,169,159,367,551,234,303,344,310,285,358,420,378,380,440,313,371,382,221,167,221,400,390,301,505,563,446,526,637,529,560,432,599,491,376,526,428,436,164,374,571,229,282,358,341,503,427,416,464,376,405,469,573,406,397,561,513,465,338,457,392,382,280,528,304,280,225,303,217,274,375,410,331,221,379,443,432,439,441,297,432,453,312,172,325,483,638,503,387,334,425,333,307,397,154,324,278,248,310,433,68,239,468,167,464,367,558,496,558,459,516,574,623,569,518,557,477,575,495,559,469,334,551,455,552,531,612,579,603,553,659,549,573,620,564,573,545,648,729,731,633,537,643,648,560,328,303,311,338,225,498,417,481,556,111,324,376,315,528,226,309,286,368,80,611,609,525,703,491,646,691,605,644,668,524,460,661,497,631,625,539,439,563,540,521,500,542,543,557,686,576,452,656,534,695,583,657,451,575,633,534,627,619,639,572,469,581,603,473,658,624,540,520,508,182,240,333,314,451,318,176,276,317,303,250,169,230,235,280,269,120,334,302,234,494,408,469,291,402,550,291,177,355,540,414,562,434,379,410,450,592,540,428,400,626,646,731,727,523,614,583,386,650,671,438,569,647,498,386,424,444,416,407,367,653,460,372,637,663,673,656,514,693,700,687,661,627,523,657,528,707,541,667,516,665,651,744,704,647,676,652,610,678,668,685,636,713,622,646,645,689,683,742,724,637,493,464,535,487,437,348,375,488,538,664,641,710,661,722,605,682,600,616,647,718,598,602,520,558,717,518,717,647,530,532,532,661,484,423,610,597,577,659,587,474,623,623,571,576,552,559,611,539,455,564,554,557,523,595,484,617,559,603,664,708,589,748,658,684,622,758,743,649,602,731,639,711,672,598,586,702,674,672,630,669,639,681,732,602,731,726,636,687,669,660,693,694,671,656,682,702,669,705,750,637,553,604,551,563,606,713,696,520,538,666,644,637,655,603,638,704,709,692,563,376,395,500,343,548,404,423,362,491,451,638,568,674,632,650,655,670,665,755,549,335,423,393,349,506,345,445,379,554,260,571,725,692,717,652,658,700,727,698,656,659,729,616,563,677,689,597,679,674,663,685,583,689,546,671,671,705,628,613,744,409,533,236,553,422,495,644,601,449,544,734,684,697,728,693,711,717,739,749,618,689,685,697,729,664,682,696,734,606,747,666,665,681,596,711,543,726,678,576,698,749,723,798,739,758,745,723,746,759,731,471,439,290,422,467,335,324,439,443,692,644,615,634,594,697,636,635,631,651,677,780,709,809,762,782,717,745,794,764,732,704,479,710,584,649,594,553,522,640,574,46,175,177,372,171,167,177,158,171,123,616,665,684,420,596,652,654,663,668,714,380,561,513,452,429,441,550,391,556,505,575,557,575,601,684,603,606,642,537,644,601,767,767,789,764,724,759,817,710,728,691,683,750,757,771,763,703,713,709,642,683,477,701,721,730,672,693,718,762,702,736,772,764,779,779,735,761,758,784,778,659,586,596,608,547,503,492,431,676,661,640,627,724,716,662,546,635,694,699,650,663,701,660,682,701,714,743,686,660,579,661,655,723,533,673,650,496,667,284,518,710,744,758,642,775,796,743,806,739,788,672,653,588,572,592,683,651,690,658,473,802,716,696,701,751,752,764,686,729,676,652,674,588,684,709,615,692,677,657,697,780,747,765,731,764,745,775,752,751,810,638,647,627,694,747,629,688,777,632,644,696,642,744,777,770,689,776,682,699,743,677,680,714,716,706,663,702,728,740,772,760,739,703,711,734,664,751,766,752,712,759,760,767,775,754,755,751,739,745,788,823,754,766,795,795,771,775,816,808,774,753,753,767,711,792,756,752,762,713,719,667,688,670,620,718,670,737,618,643,620,753,706,706,667,708,709,676,683,718,669,698,625,686,704,706,645,716,671,774,654,790,751,828,782,820,665,829,752,799,778,784,775,739,796,782,808,725,787,736,746,797,739,801,815,760,722,762
