0,0,0,0,0,0,0,0,0,0,0,0,0,0,0,0,0,0,0,0,0,0,0,0,0,0,0,0,0,0,0,0,0,0,0,0,0,0,0,0,0,0,0,0,0,0,0,0,0,0,0,0,0,0,0,0,0,0,0,0,0,215,0,0,0,0,0,70,0,0,0,0,0,36,0,0,0,0,0,0,0,0,0,409,355,460,362,457,93,396,442,363,589,77,156,106,81,48,68,79,4,165,0,80,271,89,148,280,104,323,267,281,346,90,0,0,69,148,55,115,147,62,151,236,498,235,340,327,174,99,295,279,417,216,91,278,233,363,337,172,284,271,222,36,0,0,0,0,0,0,69,12,20,374,123,582,334,585,446,227,422,567,448,433,656,461,492,429,477,445,435,625,334,475,479,262,442,497,402,353,299,339,147,433,477,497,266,373,483,422,233,501,341,212,214,66,204,60,171,309,165,122,351,215,446,109,286,190,367,613,238,221,218,176,98,497,115,101,103,238,185,274,101,450,573,380,584,538,422,518,373,596,550,410,494,439,385,245,386,476,314,369,318,583,352,190,490,323,315,430,160,290,449,599,622,614,422,552,611,510,362,349,241,281,625,521,536,340,548,571,413,569,542,232,409,421,360,411,320,392,512,403,331,496,391,449,452,361,660,405,409,444,383,533,488,441,254,378,420,565,375,484,324,698,726,603,623,595,633,608,640,783,690,549,552,503,553,676,306,531,163,213,590,580,417,169,357,547,547,296,217,433,170,534,559,374,578,593,347,408,529,295,569,547,557,630,503,593,390,516,618,393,648,152,473,367,196,342,477,342,367,283,463,483,502,464,643,438,405,398,373,463,638,473,579,518,564,545,434,508,513,501,474,507,627,639,524,609,683,625,611,450,577,342,411,207,402,439,425,485,358,426,452,332,254,435,326,153,374,309,364,284,412,318,755,513,543,295,564,604,564,620,398,690,513,732,649,454,685,632,442,648,500,487,453,602,484,581,519,535,435,410,539,464,410,628,517,688,516,574,387,643,514,535,461,360,307,527,294,305,525,574,315,564,619,534,640,694,597,426,683,686,700,519,537,550,331,602,536,389,312,496,563,541,473,361,371,342,356,390,522,477,491,537,719,549,623,600,548,640,696,721,663,664,561,640,646,533,724,599,700,634,489,510,358,549,388,536,391,557,485,577,505,629,556,607,529,537,524,764,724,723,663,525,560,590,518,529,569,501,569,374,588,547,603,559,680,588,703,652,793,715,661,480,444,530,550,482,555,607,553,364,624,642,657,710,533,553,540,541,709,608,563,509,293,411,364,308,572,513,274,488,318,644,679,772,737,714,693,580,603,738,585,452,362,477,430,338,413,237,351,392,296,657,543,558,488,629,486,411,381,400,638,659,569,654,721,625,448,670,675,717,639,226,326,555,175,311,168,443,502,200,576,668,735,652,689,698,631,770,516,687,675,587,512,530,619,537,525,621,573,542,568,563,589,564,754,578,541,458,586,623,512,455,529,469,628,740,624,598,612,710,718,654,521,505,561,665,699,257,737,742,693,605,705,562,640,697,587,524,610,516,589,648,763,639,662,718,711,757,607,683,708,477,357,652,417,447,641,544,458,477,637,675,715,443,512,518,533,344,562,558,312,531,546,637,583,583,494,712,615,533,555,615,595,465,535,578,584,589,451,568,662,567,718,591,581,764,693,629,652,648,703,0,0,0,0,174,86,86,166,87,170,722,684,671,644,668,634,675,604,664,643,665,568,594,620,561,728,590,619,609,612,529,596,545,656,550,628,602,623,626,604,461,509,506,323,487,510,436,525,451,428,673,621,576,709,574,607,580,605,585,676,558,665,601,559,658,637,661,561,581,611,702,776,717,725,742,740,736,693,739,731,699,679,646,645,651,674,621,637,702,778,599,713,678,735,725,629,582,691,651,552,697,702,532,615,665,500,707,553,575,745,683,733,721,702,706,740,739,705,715,732,681,705,704,717,762,721,766,702,632,753,738,749,731,722,779,692,692,667,694,720,799,752,748,708,672,764,705,744,784,642,596,689,691,695,671,613,686,669,822,832,681,684,690,769,722,685,619,593,708,654,676,682,649,848,693,701,738,723,649,666,738,717,685,605,689,686,672,726,694,677,685,568,734,580,573,621,639,693,863,530,753,802,703,717,761,765,778,767,756,739,731,797,776,782,779,734,802,771,773,717,603,651,703,645,648,709,671,667,691,740,385,326,345,334,360,331,390,400,322,334,555,509,590,545,547,514,512
0,0,0,0,0,0,0,0,0,0,0,0,0,0,0,0,0,0,0,0,0,0,0,109,75,87,164,68,83,68,181,92,89,0,50,0,10,0,0,0,1,24,24,0,0,0,0,0,0,0,0,0,0,0,34,0,9,0,0,8,10,0,0,30,42,153,207,53,63,226,120,137,216,56,165,214,142,311,178,111,172,344,0,78,262,70,192,122,105,68,203,77,147,266,402,164,243,173,168,258,137,119,0,0,0,0,0,0,0,0,0,0,0,0,0,0,43,0,38,0,0,65,46,216,193,214,136,137,255,136,206,103,96,148,325,352,195,244,306,360,194,321,223,212,140,39,42,197,156,0,0,0,140,78,81,267,163,78,371,198,0,182,202,444,428,414,431,385,499,494,312,405,285,127,299,328,232,146,296,255,327,305,168,239,291,0,126,104,153,207,301,0,177,628,290,496,437,462,551,483,473,473,480,148,148,186,214,200,169,122,302,274,200,327,371,542,388,499,509,578,398,329,425,510,358,442,431,451,398,466,429,522,496,302,311,400,312,302,436,413,295,314,334,386,350,349,371,362,350,252,435,307,428,519,436,496,428,534,517,441,491,524,383,479,521,413,584,435,522,493,420,175,467,544,365,448,414,372,579,269,375,438,335,386,310,412,523,293,382,481,480,493,420,456,495,303,490,486,521,529,572,594,428,509,503,520,506,502,481,541,524,555,480,146,204,320,237,201,213,214,282,239,195,494,531,565,684,650,470,495,563,488,624,407,517,327,404,545,410,261,603,344,436,482,592,490,555,563,604,529,611,597,551,355,439,420,364,482,406,485,687,287,435,479,533,474,416,326,412,437,385,470,449,602,608,618,543,507,581,545,502,639,531,607,619,455,442,597,355,389,453,545,501,346,415,229,524,442,509,402,344,566,658,176,321,379,251,376,442,169,385,287,300,683,665,736,671,700,658,664,434,718,642,722,676,697,643,692,711,605,591,824,559,650,546,618,560,538,640,586,609,566,488,657,668,648,721,686,724,659,745,684,649,695,675,674,728,722,640,723,584,636,664,560,612,650,604,548,575,530,627,564,606,677,564,658,633,676,604,674,705,670,661,544,463,408,465,424,539,326,513,299,431,505,593,511,459,538,615,511,419,530,620,331,545,403,253,168,322,171,331,387,341,465,557,425,364,490,410,546,506,553,561,87,0,183,96,174,177,90,175,0,91,312,301,271,335,340,189,371,257,437,349,768,712,739,695,722,708,748,685,588,682,622,503,674,669,615,376,382,483,595,563,540,546,534,542,544,485,460,507,535,492,482,530,561,566,528,490,403,584,525,562,332,533,399,502,492,435,526,407,475,355,569,561,631,560,600,534,634,412,533,610,529,708,708,749,724,587,686,684,697,698,478,494,485,530,681,649,626,497,458,594,328,450,478,402,317,307,446,371,332,506,574,714,621,687,563,645,609,659,724,633,724,775,723,764,712,788,736,745,670,816,709,764,712,751,709,751,773,726,718,664,317,381,366,457,310,457,371,339,322,380,739,703,698,681,693,744,599,704,719,738,765,708,700,713,762,665,631,684,740,703,631,667,603,639,615,722,628,659,647,625,653,649,615,712,648,723,672,568,671,660,259,210,202,280,217,213,219,316,332,200,619,492,543,483,621,507,606,666,674,491,551,682,539,494,512,487,705,480,673,530,716,728,658,749,729,716,776,701,746,764,490,409,400,459,434,424,469,495,420,405,720,709,744,690,669,674,662,687,713,687,704,620,712,734,584,620,601,611,647,507,574,532,650,607,577,614,532,549,649,519,664,686,716,735,730,837,710,769,731,678,524,735,715,626,566,675,694,658,552,674,383,502,505,428,528,558,500,528,376,499,683,650,620,753,716,755,835,660,742,708,694,648,698,698,746,664,719,599,645,669,572,467,598,486,437,541,542,437,628,515,442,580,405,484,570,586,539,593,508,479,726,807,750,762,740,784,735,808,800,825,701,622,684,678,709,598,677,629,677,667,710,620,628,702,766,709,677,691,635,684,171,197,248,220,222,168,223,88,95,224,709,671,660,703,541,696,645,534,699,707,739,768,740,783,741,751,788,661,840,776,639,702,743,712,617,748,653,633,695,665,716,724,646,684,642,714,686,745,730,734,411,371,420,426,399,426,426,403,427,371,729,672,715,786,719,666,770,536,760,757,797,669,710,668,758,803,793,754,720,767,716,692,764,779,772,782,778,760,806,891,783,754,682,616,719,652,678,649,617,585,782,767,789,773,785,785,812
0,0,0,0,0,0,0,0,0,0,0,0,0,0,0,0,0,0,0,0,0,0,0,86,0,153,0,75,79,155,0,0,0,244,169,152,141,283,339,145,204,146,186,242,435,221,315,441,216,183,288,306,273,360,295,130,210,174,202,442,302,336,102,385,338,393,358,420,236,352,345,362,373,159,292,338,387,490,192,331,429,184,355,267,247,303,251,302,228,244,375,305,253,406,395,446,298,318,208,281,310,269,322,72,136,177,163,76,61,178,66,163,63,304,229,229,202,254,256,333,220,366,223,69,67,145,65,77,73,69,76,185,75,253,350,114,68,73,53,167,173,84,165,278,294,283,252,281,290,257,289,190,162,198,221,206,296,334,294,209,235,193,179,328,239,440,510,435,332,310,319,377,206,266,390,295,209,295,107,377,470,608,307,81,221,222,241,244,245,176,88,89,78,498,361,380,292,298,614,208,227,413,538,0,77,0,0,0,0,0,0,145,85,292,520,366,569,528,587,468,541,529,519,506,482,474,517,375,577,378,491,531,344,401,232,399,321,362,292,433,448,445,324,534,526,463,489,470,507,596,514,463,637,472,360,415,449,479,484,466,479,327,420,441,438,532,459,575,607,507,445,460,475,235,269,512,242,224,462,0,482,378,314,720,661,688,611,626,656,641,657,636,635,428,417,562,509,558,603,416,435,551,473,652,352,422,393,234,263,312,410,440,412,165,168,0,170,136,318,173,245,67,157,449,549,496,449,461,410,560,429,351,501,616,633,590,497,650,625,611,583,581,697,342,411,306,341,324,322,408,337,349,391,608,559,592,571,579,541,577,683,522,563,557,594,521,451,595,513,522,510,552,642,459,400,303,406,279,352,417,452,425,272,491,477,515,477,406,399,488,388,395,512,403,578,499,492,413,403,611,430,497,608,453,525,473,402,495,517,530,574,505,569,613,630,672,627,572,557,545,673,613,613,419,595,473,500,397,390,330,370,521,409,583,596,636,611,666,689,594,664,587,525,327,318,390,282,523,327,417,299,287,310,549,559,585,465,634,560,526,587,510,624,528,524,626,513,729,639,541,430,654,537,700,643,716,656,638,681,748,652,705,701,675,733,633,723,745,736,861,747,781,758,557,545,652,613,693,631,693,490,698,568,684,666,725,722,660,649,592,614,631,708,497,485,494,574,446,326,499,431,574,481,697,581,656,635,514,674,689,711,617,714,670,786,782,776,810,701,679,754,809,750,383,403,472,331,462,344,329,324,317,314,655,777,699,672,675,658,670,734,720,640,671,693,590,658,690,664,666,573,669,682,571,687,585,611,685,541,513,687,593,524,629,611,723,746,690,687,693,587,496,664,723,668,699,623,724,706,642,705,730,670,413,440,380,335,494,405,241,309,202,419,670,705,652,737,771,702,794,731,694,687,701,836,779,781,744,729,632,713,760,709,696,715,734,677,835,718,690,710,669,712,638,635,527,561,511,508,464,501,473,602,723,747,806,765,649,794,723,728,801,814,750,747,703,803,746,676,612,767,749,782,658,630,524,651,560,571,561,602,605,716,686,715,669,843,644,590,702,688,602,684,775,765,709,715,732,659,643,792,695,790,506,690,562,702,679,684,578,518,716,635,587,705,659,671,705,711,533,739,740,690,83,127,131,86,88,65,83,19,172,14,715,644,732,677,569,706,744,596,717,757,722,799,654,726,648,661,731,743,746,674,709,714,668,720,707,694,725,632,710,747,542,662,620,567,450,576,563,645,650,650,735,782,748,779,716,763,725,772,817,766,652,654,724,675,842,855,740,768,702,696,615,589,549,615,602,659,631,629,626,810,716,677,781,745,876,723,619,779,696,783,763,793,671,645,755,678,634,676,720,622,737,722,769,859,705,808,762,763,826,731,679,622,720,623,600,616,568,550,665,630,176,204,300,259,256,397,215,180,193,216,594,546,553,613,615,666,600,672,632,605,492,535,625,530,506,447,586,555,563,551,566,615,625,698,663,724,601,591,678,540,618,656,616,684,616,741,735,620,618,629,695,702,751,658,794,784,661,679,742,676,822,688,701,728,705,759,696,691,680,787,635,621,587,662,619,649,563,596,645,630,680,721,687,656,639,765,699,701,645,654,675,618,607,592,520,475,534,556,562,586,786,699,743,739,726,775,772,764,731,715,702,645,725,633,775,757,671,715,668,688,743,796,723,715,613,669,682,742,813,785,694,571,653,783,631,621,562,656,641,698,747,685,798,676,711,721,667,744,682,755,614,592,618,612,555,643,686
0,0,0,0,0,0,0,0,0,0,0,0,0,0,0,0,0,0,0,0,0,0,0,71,0,69,0,0,80,0,73,0,0,9,28,0,0,38,62,40,25,37,14,81,155,0,84,0,0,0,0,0,75,0,127,208,364,405,147,362,410,119,117,0,0,0,0,0,0,0,0,0,0,267,77,164,108,10,152,81,301,89,47,258,0,401,251,332,330,327,346,370,334,225,245,109,92,239,57,177,233,125,240,0,57,58,214,0,63,142,193,195,298,223,75,306,296,249,227,351,238,230,244,436,487,336,153,288,424,508,317,344,447,264,284,375,195,349,392,289,380,81,291,281,349,282,275,281,271,74,273,314,275,121,225,172,465,211,213,191,237,154,190,305,344,267,305,216,142,292,155,362,272,276,283,292,278,262,285,156,297,288,309,368,371,251,287,353,451,326,298,231,282,441,425,526,425,294,556,492,428,482,295,401,453,287,216,130,213,460,331,356,503,409,187,353,384,347,194,213,388,341,354,378,537,396,452,314,420,374,397,426,277,465,640,479,449,476,381,536,448,620,473,302,350,347,412,382,471,289,414,339,246,112,144,306,163,235,33,0,163,281,155,318,312,353,377,405,468,524,504,439,463,0,0,0,0,0,0,0,0,0,0,322,347,375,507,358,400,111,313,398,451,535,435,390,476,412,453,556,608,473,518,531,644,539,551,494,572,490,523,546,514,470,416,296,480,82,448,176,225,369,162,235,441,383,265,311,386,417,391,315,256,366,547,470,466,463,454,677,597,534,335,297,248,321,393,306,527,433,307,312,339,200,305,543,411,280,301,301,355,318,485,149,160,255,315,163,172,295,336,204,236,353,521,398,391,483,466,519,405,387,447,417,386,381,257,470,600,550,545,464,474,584,579,233,373,464,522,500,456,619,520,383,382,490,322,454,400,456,291,447,379,443,338,558,539,439,411,500,406,518,471,426,306,367,376,387,390,293,283,231,283,379,323,135,284,279,362,252,362,326,232,522,656,489,642,316,599,479,535,527,504,562,427,673,575,383,494,368,273,439,542,247,164,249,447,155,241,230,91,253,449,597,578,639,579,742,589,658,506,758,696,282,312,309,211,343,309,271,223,187,250,490,669,633,555,582,627,503,458,574,515,234,226,224,146,218,286,87,58,318,235,553,531,678,574,587,437,554,515,510,524,453,405,361,473,410,372,420,368,333,364,442,596,508,565,563,539,545,501,362,573,61,232,216,304,227,145,216,194,200,278,311,455,399,391,217,283,354,610,380,421,593,633,448,621,575,491,498,634,578,557,604,510,506,568,524,496,476,492,599,555,699,586,614,595,649,642,563,605,575,639,186,391,241,449,311,350,426,475,205,316,421,447,513,500,553,470,441,483,522,528,443,508,362,378,556,306,464,464,252,385,399,310,132,311,361,267,320,315,199,532,561,487,522,473,474,446,489,437,403,527,477,413,561,590,671,580,593,497,585,580,545,317,406,453,522,430,425,432,497,452,230,258,207,285,254,242,201,280,183,182,465,503,250,343,425,615,504,471,253,549,555,509,697,445,476,559,514,492,444,541,642,550,628,618,543,593,629,614,696,664,614,638,570,705,660,626,730,606,613,698,664,673,681,688,661,701,640,572,698,683,650,639,619,652,664,652,575,532,601,643,672,758,633,553,610,663,646,626,699,745,606,586,586,687,604,638,616,604,751,685,294,264,369,447,266,211,236,389,387,325,546,660,564,572,616,686,670,608,540,531,514,521,579,406,389,607,483,457,531,499,577,592,583,615,545,553,540,623,547,459,541,588,525,604,663,583,592,646,600,583,440,514,502,492,225,499,436,329,389,347,629,612,603,580,534,597,640,528,560,615,624,659,584,652,561,624,580,614,725,614,710,646,659,676,603,672,647,615,579,578,519,557,558,461,544,562,516,422,533,305,498,676,624,446,601,587,524,601,558,596,731,692,730,607,731,683,646,665,702,638,420,550,508,523,594,583,473,527,333,523,427,521,297,450,508,564,263,515,469,522,585,712,642,578,585,654,630,646,673,664,741,616,522,567,725,704,622,639,611,688,563,655,720,646,541,608,562,570,653,663,463,326,348,318,336,404,405,340,447,370,600,637,493,621,785,562,452,696,696,651,751,786,656,616,617,678,607,682,644,697,476,455,546,622,521,379,471,769,577,575,659,711,595,560,821,547,647,687,680,603,664,645,677,643,598,683,736,736,643,626,645,736,682,662,697,748,751,667,707,691,618,812,705,649,655,737,712
0,0,0,0,0,0,0,0,0,0,0,0,0,0,0,0,0,0,0,0,0,0,0,111,75,151,150,116,0,67,142,164,82,174,224,225,359,223,276,274,198,208,132,61,69,76,117,133,59,124,51,75,167,320,257,280,47,159,153,183,238,204,187,379,394,470,511,570,180,70,176,293,421,303,279,360,300,156,431,385,389,422,0,124,261,274,260,436,251,486,351,400,339,367,287,471,385,438,336,391,325,404,421,413,252,475,544,428,498,236,563,209,310,152,290,460,393,447,402,365,370,352,471,309,438,284,571,306,147,176,368,263,171,356,506,589,492,420,399,495,512,456,511,347,276,217,269,62,230,375,230,242,205,542,517,432,555,301,506,509,529,369,429,360,268,325,312,210,346,394,215,312,209,336,420,308,453,509,389,433,408,470,480,360,251,254,261,136,367,271,322,259,168,461,479,550,435,514,541,523,359,426,551,570,592,506,463,592,505,552,511,513,523,0,391,74,255,393,741,495,171,316,500,398,552,498,557,456,477,525,524,477,588,306,324,219,254,353,285,302,289,256,335,577,518,533,463,544,544,510,674,495,536,517,216,321,536,321,166,386,330,444,417,430,390,481,407,434,494,346,531,478,432,490,524,540,531,390,538,183,541,421,501,574,562,491,595,645,563,565,618,602,606,126,236,355,153,209,329,152,273,132,245,574,577,564,563,572,627,572,677,618,596,320,241,350,237,231,232,525,421,221,219,542,601,583,592,528,619,568,591,736,688,474,511,520,489,329,487,448,537,493,447,459,507,577,464,507,425,400,376,533,467,495,638,562,571,715,577,712,773,558,674,302,324,371,403,434,318,431,498,391,458,581,647,581,537,655,571,542,623,597,529,576,570,556,567,600,609,606,571,551,546,513,519,635,516,527,488,490,549,466,565,569,629,656,580,644,700,576,574,616,675,665,615,628,673,672,717,680,532,736,678,605,542,583,437,486,555,582,514,490,519,563,640,633,656,592,614,641,660,653,589,549,673,678,725,624,607,660,639,527,623,606,627,626,629,659,736,593,610,582,621,650,500,625,597,550,661,578,565,581,835,517,563,443,506,492,178,548,433,469,406,623,679,559,618,660,574,600,631,577,630,643,645,600,601,558,545,715,567,594,575,556,515,569,414,627,476,333,446,594,637,578,572,570,626,406,580,511,620,603,445,503,579,467,540,582,708,729,557,515,608,654,629,570,695,676,680,650,652,692,643,553,580,510,400,560,539,387,567,634,604,537,673,560,558,677,500,568,487,611,631,633,533,736,573,531,662,567,649,674,601,633,578,689,600,618,417,687,548,635,649,488,572,530,556,590,444,571,638,536,543,656,615,666,609,671,623,611,627,657,644,611,587,573,583,571,621,491,593,600,571,570,489,390,429,498,384,532,436,559,480,743,700,699,693,692,707,754,663,699,611,570,704,622,592,567,674,718,694,724,704,581,488,508,580,572,422,374,479,570,507,670,713,637,575,637,612,722,543,722,625,793,690,747,758,757,660,687,630,737,739,651,593,544,475,524,684,587,583,596,583,620,545,652,661,626,608,595,722,622,554,388,344,431,444,410,542,451,535,332,427,772,753,775,743,785,727,772,686,726,811,450,531,588,733,664,500,401,717,658,476,682,741,466,539,553,606,742,619,456,733,695,660,571,705,758,671,578,662,617,651,710,626,595,630,717,662,698,694,747,702,746,795,737,765,725,698,759,777,782,781,744,618,547,690,603,673,653,589,642,655,559,649,450,641,513,583,608,668,675,548,744,732,724,701,683,740,665,762,728,782,516,488,545,546,529,461,513,381,462,622,740,664,712,741,776,629,684,720,738,788,691,724,876,851,716,708,827,699,762,719,805,773,809,743,747,679,679,755,741,701,640,736,665,710,700,695,702,691,721,716,651,687,751,744,709,701,700,778,736,670,344,174,253,293,255,157,382,274,229,320,526,556,480,548,642,425,602,564,603,556,661,497,642,541,572,478,592,594,539,542,695,654,769,627,690,638,739,619,691,670,732,605,758,659,650,710,612,568,753,648,764,772,817,803,794,811,821,746,766,791,39,12,47,0,0,0,0,19,40,0,697,634,674,605,666,598,620,649,607,708,771,655,697,626,615,679,778,651,550,613,676,708,694,791,738,851,758,785,791,669,654,751,693,777,766,699,772,786,638,650,766,792,706,769,764,791,782,704,781,803,717,676,748,628,629,690,653,639,736,639,799,777,779,790,784,798,782,872,780,794,694,858,659,726,830,721,647
0,0,0,0,0,0,0,0,0,0,0,0,0,0,0,0,0,0,0,0,0,0,0,0,0,0,0,0,0,0,0,0,0,75,221,192,177,63,113,67,157,55,162,0,47,0,0,0,0,0,0,0,31,315,156,182,165,221,183,269,282,327,349,514,208,484,292,474,122,415,394,309,304,13,0,188,68,62,59,151,70,64,71,351,357,305,280,334,372,365,390,328,363,166,162,169,173,167,166,155,0,89,81,395,394,448,374,436,227,392,223,253,216,385,335,359,275,414,453,442,419,499,340,582,594,590,642,433,571,414,531,557,477,234,426,405,439,293,400,434,515,490,517,463,373,367,450,428,441,475,154,479,465,163,167,173,171,159,164,169,246,173,258,497,539,472,346,489,599,380,511,533,588,87,230,52,78,240,151,247,203,197,79,290,372,248,251,386,499,341,221,254,161,570,539,571,582,610,581,436,572,569,537,400,392,236,420,220,363,402,379,237,449,225,378,424,434,368,338,324,236,411,329,467,155,461,362,252,479,434,429,510,429,547,561,507,554,579,591,510,645,581,622,517,590,560,418,659,627,599,606,592,463,554,448,529,345,543,524,476,554,305,357,410,448,382,561,431,322,201,460,405,403,462,500,430,510,382,520,577,459,514,478,468,510,609,534,517,587,457,603,581,212,277,83,256,423,413,290,193,457,247,465,134,158,449,283,164,479,451,393,247,639,431,405,504,321,525,324,395,173,157,262,619,694,639,581,558,642,598,627,598,576,437,313,347,436,452,438,451,425,331,388,340,439,189,145,489,481,306,290,328,477,533,623,525,579,485,550,582,505,502,532,496,518,451,458,482,542,362,472,520,485,427,197,273,390,171,171,335,407,256,178,461,492,482,388,470,556,419,91,296,531,562,548,614,605,536,774,563,535,565,538,525,553,611,544,579,550,574,620,524,529,613,546,519,492,564,625,575,583,483,568,546,534,583,630,583,656,582,550,602,630,663,449,585,573,537,589,540,566,571,639,683,667,574,639,587,599,511,602,527,659,533,520,511,536,527,523,561,556,577,517,542,506,538,540,533,528,533,561,632,556,602,608,676,672,636,528,696,650,707,669,700,407,595,672,552,589,576,580,616,668,575,670,575,500,157,452,513,645,537,606,642,582,631,697,630,618,720,690,646,665,560,497,631,529,560,618,621,559,574,510,247,240,365,388,450,258,651,400,302,391,470,506,407,613,434,531,531,535,508,453,647,574,695,572,648,641,677,669,553,634,545,526,704,595,641,500,445,658,593,476,574,688,624,603,552,654,613,512,725,572,255,145,199,94,169,93,232,276,389,221,227,321,344,113,191,366,133,89,274,214,255,172,448,518,424,202,177,392,243,340,478,629,707,564,629,574,546,544,535,544,627,652,638,663,652,587,675,714,712,674,562,574,600,610,607,631,683,741,621,595,630,593,683,683,735,552,501,573,528,564,507,455,536,537,599,482,533,326,533,595,589,606,610,655,627,568,671,604,556,626,619,651,604,613,696,675,656,694,473,662,699,718,618,671,621,638,624,625,831,709,553,559,530,431,433,530,492,561,637,414,677,578,520,587,617,653,626,611,621,623,426,421,539,438,571,446,473,495,431,515,521,481,432,502,588,353,616,355,433,548,663,617,642,604,710,647,688,622,637,613,570,589,692,837,657,825,691,656,672,678,709,675,641,708,622,707,595,533,722,542,444,401,481,495,520,575,514,602,564,605,426,365,290,138,219,209,277,437,301,416,706,653,644,619,474,639,692,703,708,686,563,647,827,592,644,846,866,481,579,868,640,665,727,656,672,613,602,635,664,597,576,406,344,580,600,297,481,246,583,587,607,556,591,620,492,526,584,598,542,683,399,516,465,522,502,172,467,352,461,682,654,567,718,568,553,635,635,612,575,557,613,573,607,657,660,686,612,578,663,639,604,623,672,732,695,705,592,582,649,765,256,230,40,0,241,115,388,381,544,183,693,786,646,664,701,683,718,603,680,748,809,829,737,622,664,659,602,678,670,855,393,252,517,453,374,268,498,193,476,441,550,563,562,552,532,612,649,634,637,580,646,673,524,730,630,685,625,660,592,681,673,590,656,620,624,529,581,560,610,613,610,599,625,593,614,662,462,628,637,613,522,499,343,422,526,602,454,499,682,514,714,725,750,682,768,725,694,690,760,745,581,720,528,632,527,630,603,680,603,512,546,429,518,523,488,439,410,449,632,607,739,655,628,837,630,704,678,679,729,686,679,609,687,713,670,711,546
0,0,0,0,0,0,0,0,0,0,0,0,0,80,69,0,0,76,78,220,80,78,75,89,150,159,204,79,77,261,209,75,84,0,109,0,0,0,5,0,0,0,50,0,0,0,0,0,0,0,0,0,0,408,476,282,366,101,124,368,514,140,268,0,160,0,155,0,152,153,86,146,149,84,69,87,0,81,81,152,0,171,0,314,313,342,162,331,294,426,362,82,253,87,217,137,112,161,120,162,160,86,195,360,274,288,331,378,188,398,210,200,375,311,440,448,423,357,558,256,262,362,459,150,55,0,248,263,201,128,255,78,54,388,424,321,369,314,456,287,498,365,457,278,95,194,178,245,281,175,253,0,314,303,99,85,87,90,302,228,302,143,380,290,248,351,378,285,289,176,310,172,315,322,288,177,0,377,243,176,170,320,93,90,154,229,0,247,234,85,330,161,242,92,250,247,243,90,182,324,171,181,167,172,158,239,86,239,247,259,170,248,176,218,334,423,211,279,411,358,347,325,269,236,166,240,221,160,90,79,317,239,159,543,495,406,463,520,484,278,468,344,435,526,564,387,346,236,546,518,473,479,416,239,336,424,448,324,374,439,407,214,145,395,321,393,262,429,310,463,326,379,405,302,164,231,307,308,236,239,169,169,318,483,445,460,469,405,425,473,339,447,428,0,75,90,83,75,159,144,77,0,86,490,468,437,531,437,529,566,559,432,368,491,551,506,444,592,549,552,578,561,581,363,401,276,388,141,224,375,286,334,416,0,0,0,0,0,0,0,94,0,0,383,372,357,230,367,377,349,375,312,442,233,83,92,84,0,91,0,0,88,0,322,181,203,310,360,381,190,205,329,282,472,478,396,394,439,418,541,425,425,494,495,494,428,498,423,385,460,384,357,446,188,217,165,164,116,254,201,264,231,169,0,87,80,95,83,92,0,77,90,0,718,622,544,554,624,562,619,503,587,494,175,83,90,91,135,94,88,78,81,159,176,167,173,172,136,144,252,174,88,83,99,94,47,105,144,0,96,51,0,140,365,446,264,523,265,257,253,386,392,402,362,346,427,232,373,340,354,340,279,234,358,384,476,427,397,486,438,521,414,439,554,531,506,555,664,540,500,534,487,486,482,569,520,542,615,523,551,576,505,536,281,279,350,287,231,219,247,183,367,335,104,147,16,104,81,138,96,119,138,204,362,366,303,333,376,297,418,309,354,314,305,425,345,312,429,334,398,430,469,366,473,432,442,413,387,416,401,410,401,412,506,630,483,633,564,581,486,340,536,600,410,330,388,454,479,413,335,308,488,439,631,615,606,633,624,650,663,614,621,598,695,520,658,607,719,661,683,609,617,627,318,257,257,385,365,204,333,382,335,384,562,581,628,597,648,600,587,560,665,590,586,595,630,643,640,686,668,598,590,639,352,521,455,451,386,543,436,358,344,456,741,659,698,553,635,676,586,498,495,721,609,576,614,598,573,592,631,563,631,573,526,500,556,426,429,510,427,356,527,496,578,426,492,451,568,412,392,421,420,428,668,590,708,697,726,683,670,678,635,677,714,666,579,702,642,733,751,634,701,731,514,554,561,514,483,515,509,551,510,475,619,665,595,586,652,617,688,666,657,596,708,769,751,732,745,697,714,738,699,734,657,666,641,737,663,736,658,650,597,675,639,680,671,665,715,604,667,690,674,693,668,683,689,619,674,723,665,642,727,652,658,696,684,670,697,702,720,702,679,698,374,370,415,304,327,407,290,336,371,417,648,670,720,597,540,690,625,597,721,662,257,253,349,205,243,304,195,270,237,211,385,305,259,316,354,269,344,279,281,357,629,666,617,647,606,689,695,551,678,673,790,856,773,724,772,788,800,697,761,714,655,665,740,726,745,670,677,705,675,638,224,218,413,241,343,409,382,499,334,361,664,761,727,740,748,729,705,760,671,709,616,668,736,639,645,646,663,696,668,717,710,705,652,662,666,656,656,633,658,693,704,716,689,675,723,694,777,730,760,603,78,120,76,154,72,73,128,130,131,147,726,733,731,756,823,768,772,746,722,781,688,717,732,678,699,710,697,694,691,708,733,787,707,794,727,724,702,775,714,756,491,385,415,450,487,430,418,467,456,498,763,710,784,715,724,754,742,707,732,711,588,606,446,608,570,599,584,582,656,685,721,743,718,736,695,787,698,765,697,765,780,743,720,787,766,747,764,769,756,733,647,659,670,707,679,670,656,665,683,679,750,770,748,729,759,742,758,751,752,724,873,809,760,846,830,759,776
0,0,0,0,0,0,0,0,0,0,0,0,0,0,0,0,0,0,0,0,0,0,0,113,0,0,0,0,0,0,0,74,0,0,0,0,0,0,0,0,63,0,0,0,51,7,81,0,0,0,0,104,37,287,348,255,384,295,368,346,318,254,398,137,72,64,64,0,168,56,49,0,0,200,83,275,201,80,77,144,72,0,221,349,277,352,263,349,274,215,429,281,358,80,136,0,73,73,76,71,0,75,75,359,567,427,470,423,312,451,292,353,323,364,361,532,447,407,529,247,327,339,349,257,257,380,276,284,230,222,250,280,290,310,327,256,188,248,180,398,172,504,324,152,169,163,226,358,244,162,75,238,294,293,496,300,431,215,287,349,251,388,229,483,528,533,497,468,393,541,561,467,525,489,490,494,484,373,421,386,337,354,386,478,404,469,491,398,503,419,487,362,426,593,609,422,497,477,485,426,405,425,448,458,457,589,438,445,583,441,568,444,448,227,236,227,376,481,301,406,163,498,344,337,404,540,380,452,344,386,396,395,484,283,223,222,339,231,156,302,218,155,287,303,379,314,527,370,427,367,414,378,372,451,478,367,508,487,473,397,502,420,450,359,342,248,346,363,344,374,287,311,336,415,461,461,535,373,481,342,413,394,503,566,362,440,394,350,526,471,460,474,574,372,627,589,565,531,368,443,480,500,499,569,446,502,495,541,634,495,466,619,609,580,587,600,533,604,623,561,517,564,547,710,690,689,688,751,650,547,673,755,657,577,675,565,576,676,561,556,572,596,630,582,582,585,589,610,540,587,613,647,626,689,640,712,715,641,604,617,640,671,628,448,502,522,507,406,442,576,555,476,448,785,749,598,727,733,713,634,763,695,674,705,679,775,731,695,850,724,646,739,727,382,334,261,467,172,338,415,240,152,248,535,549,564,467,623,492,464,457,645,592,585,565,497,361,524,539,471,539,484,475,632,674,678,775,708,831,743,718,708,842,722,673,718,693,672,689,731,638,694,664,743,650,738,727,652,675,704,705,712,660,505,537,524,491,450,517,290,547,291,539,668,499,476,555,457,539,583,694,475,584,730,651,735,739,608,746,712,646,766,741,687,623,703,678,701,662,769,681,620,679,470,404,471,490,441,376,493,474,435,324,751,638,710,747,626,667,664,634,626,664,667,723,656,646,707,666,724,743,726,760,824,725,672,780,712,700,792,729,778,668,774,701,680,772,786,730,627,683,730,650,519,689,538,627,627,626,646,590,615,518,711,655,763,682,654,696,678,741,649,653,705,807,763,774,745,855,742,731,765,738,671,525,673,673,604,564,674,686,654,689,575,544,424,468,446,566,541,550,548,563,736,710,581,655,719,653,745,677,776,691,527,654,628,592,545,583,645,687,572,554,550,702,573,650,712,566,649,524,582,633,707,735,731,737,782,810,713,784,701,752,650,660,840,762,746,826,755,751,692,769,779,812,760,854,792,868,706,816,701,781,591,675,506,493,653,608,427,624,531,398,802,872,687,738,757,738,712,713,718,706,744,764,723,779,734,768,745,760,803,763,604,668,529,593,479,724,464,576,612,447,750,762,613,762,712,701,719,748,688,681,668,783,758,610,695,757,736,721,698,519,725,634,667,656,739,693,679,714,740,778,801,751,872,874,794,823,783,814,785,775,785,778,736,728,781,768,770,738,780,756,669,643,629,690,572,647,688,729,607,676,461,557,552,537,566,585,554,560,565,582,712,765,687,811,743,747,783,735,773,710,725,739,783,672,724,633,734,744,677,657,746,761,723,755,739,783,822,799,743,779,783,792,697,775,802,805,668,647,830,868,811,802,734,797,759,858,698,767,797,804,560,663,652,629,639,630,598,613,645,606,685,690,761,714,762,741,752,773,766,766,698,725,762,774,732,630,638,700,751,673,652,746,796,714,744,700,756,648,764,734,766,864,769,749,855,782,832,802,837,788,758,697,712,631,669,706,664,746,741,688,529,611,595,542,648,652,441,586,553,567,830,790,806,815,786,793,809,778,836,811,739,768,711,726,787,757,776,752,676,718,463,373,299,314,337,420,236,381,369,418,454,265,221,278,274,338,283,249,309,322,742,720,736,672,651,736,813,711,734,698,699,649,742,738,721,701,699,675,593,752,821,852,788,773,809,710,810,751,760,714,603,607,639,616,700,699,673,654,632,665,736,703,648,681,663,745,727,674,786,685,454,432,351,354,329,382,275,268,384,278,675,769,754,593,704,754,684,700,726,581,766,699,791,765,739,654,687
0,0,0,0,0,0,0,0,0,0,0,0,0,0,0,0,0,0,0,0,0,0,0,0,0,0,0,0,0,0,0,0,0,201,225,83,0,121,192,0,199,212,179,75,170,202,15,190,138,131,72,148,74,321,343,258,229,173,393,356,209,294,290,296,219,336,530,475,266,363,304,360,323,156,108,175,128,108,212,258,106,113,423,320,500,325,314,410,435,484,348,420,389,413,393,474,234,490,314,197,353,469,354,250,385,250,328,238,91,255,235,561,157,485,334,449,243,429,435,243,377,425,426,491,476,603,409,668,404,581,395,487,466,459,371,502,433,464,550,464,437,399,272,443,471,501,340,458,458,404,473,549,448,460,398,362,536,554,567,673,506,477,538,390,436,357,556,504,691,485,459,586,334,248,431,276,524,244,372,375,430,235,249,553,472,415,284,553,466,458,437,331,602,262,435,487,506,529,519,354,490,497,280,627,517,609,708,615,663,548,626,553,611,603,659,660,709,654,637,652,712,608,602,548,535,660,638,680,707,627,727,664,716,672,660,604,695,623,574,675,657,643,608,464,616,515,468,477,471,457,550,461,477,538,455,545,496,478,441,571,436,469,444,668,595,472,657,665,679,689,658,619,460,589,458,671,659,514,544,648,533,666,614,610,590,649,760,580,534,618,568,670,647,441,396,85,382,325,520,558,373,518,460,640,611,550,581,659,624,566,519,557,620,681,656,720,790,685,757,748,758,669,727,89,86,86,88,0,89,0,92,89,0,541,611,603,616,545,642,629,707,603,625,600,654,690,749,649,671,715,744,761,717,696,739,802,717,681,794,757,715,737,723,624,538,638,703,645,647,656,674,693,665,640,661,595,682,661,634,660,704,672,651,554,611,530,630,638,613,598,708,712,639,571,725,745,625,720,634,660,742,734,686,544,627,562,547,491,520,564,510,479,526,579,558,501,430,596,586,596,625,545,572,368,450,385,408,404,416,410,359,286,452,258,257,246,128,229,160,186,210,119,170,596,623,560,704,628,623,605,695,558,579,643,730,669,739,710,634,728,729,680,659,666,753,778,669,762,622,691,696,724,724,702,657,702,704,707,746,710,714,697,783,678,673,710,655,656,714,635,639,660,687,636,700,678,675,670,697,686,660,730,638,696,718,779,798,774,726,700,758,791,749,736,701,727,776,697,748,718,717,705,680,731,730,742,753,731,723,767,714,730,698,702,587,607,603,574,665,755,635,610,738,624,649,638,569,612,658,611,609,657,659,656,772,769,689,822,698,746,697,806,692,508,578,450,524,504,486,431,528,601,562,564,671,680,559,649,586,562,609,627,555,523,690,745,704,692,611,614,592,538,785,691,718,781,757,650,674,760,831,679,660,329,422,344,553,596,410,288,447,430,474,810,724,743,726,768,757,678,771,778,674,700,680,761,707,680,693,696,688,706,623,570,677,681,677,683,675,794,664,652,647,740,754,761,805,776,695,694,837,695,714,729,650,691,684,727,592,695,714,697,616,693,717,794,810,749,614,711,639,708,715,553,506,576,588,535,596,565,590,443,443,579,555,586,542,616,549,573,503,561,567,570,640,552,589,522,677,658,431,480,632,846,679,755,769,846,702,830,809,797,762,259,231,136,224,150,299,339,170,193,278,864,783,696,758,782,811,737,749,858,854,817,740,853,802,802,865,889,738,806,806,29,34,51,103,44,23,47,76,0,103,467,490,453,443,505,467,474,435,522,397,771,705,712,600,643,770,704,714,700,689,798,799,821,761,842,809,833,872,725,832,696,833,717,767,732,695,748,745,740,789,745,720,718,724,664,777,714,735,720,714,413,384,552,464,493,391,205,426,414,453,709,686,732,720,746,757,670,695,766,686,763,703,658,751,704,767,740,703,666,745,784,861,789,832,798,749,790,789,759,833,784,835,791,804,801,751,875,791,717,733,722,650,762,728,724,719,743,703,652,686,588,599,551,557,624,578,592,518,538,702,213,312,324,341,293,221,310,177,207,383,754,853,750,737,898,826,729,861,895,737,761,630,778,793,752,752,722,743,788,667,762,791,765,723,803,755,837,814,831,836,758,766,777,742,721,709,780,680,741,672,707,641,584,650,596,618,557,643,621,659,768,661,775,759,639,709,759,768,749,717,729,731,697,809,670,718,758,718,723,751,712,652,691,738,686,714,709,718,670,675,809,628,681,632,631,607,680,633,667,631,804,832,801,808,791,796,805,810,860,825,777,685,824,762,761,738,667,740,764,704,869,831,813,799,823,832,875
0,0,0,0,0,0,0,0,0,0,0,0,0,0,0,0,0,0,0,0,0,0,0,0,0,0,139,26,65,66,55,69,63,0,0,0,0,0,0,75,0,131,0,0,0,0,0,0,0,0,0,0,0,125,243,168,261,227,329,105,176,459,375,392,393,222,265,177,201,248,357,400,323,106,123,0,187,36,0,115,77,151,83,309,224,339,454,275,230,310,282,443,245,229,113,73,183,106,127,123,162,143,241,520,349,198,130,187,67,175,196,461,182,215,215,194,325,389,333,332,215,277,349,66,258,271,261,222,243,226,250,134,227,392,254,379,403,433,392,261,403,285,417,462,407,353,428,379,352,410,521,448,485,412,530,373,468,265,467,381,404,412,418,113,0,0,154,188,59,105,79,0,0,230,128,207,259,192,329,304,212,279,0,300,508,405,344,492,470,480,284,486,449,500,247,324,403,264,388,419,420,412,275,484,395,431,498,491,460,474,511,476,518,465,492,493,355,367,500,496,529,472,497,280,418,386,261,402,321,480,299,180,560,227,324,296,493,473,348,297,75,205,513,288,500,458,506,478,466,480,411,481,461,339,234,270,506,509,408,467,337,290,260,569,532,509,458,599,448,480,497,573,572,391,364,154,157,324,437,223,294,0,512,482,487,354,293,242,467,418,393,418,303,461,76,143,496,241,276,352,141,254,352,369,503,588,155,246,394,274,402,281,316,459,347,610,491,551,498,373,610,450,385,472,399,399,384,347,397,326,342,386,514,462,412,385,344,523,407,283,332,478,437,167,162,165,273,150,157,303,289,297,302,441,564,530,415,446,579,598,638,378,520,517,332,174,559,226,286,171,451,535,451,313,311,308,496,423,549,323,323,322,310,166,0,170,0,153,304,0,166,0,0,335,308,352,295,293,374,251,413,337,270,0,0,0,84,0,0,0,118,206,0,388,573,312,366,258,429,373,342,408,403,0,0,164,135,0,0,0,0,0,0,176,165,321,291,258,236,389,149,332,204,263,333,324,337,317,494,250,476,306,323,350,369,607,610,626,612,403,541,565,556,425,333,159,326,148,303,159,322,164,302,326,384,460,171,391,315,310,449,466,175,263,258,313,320,344,152,312,291,232,350,532,590,399,561,609,634,566,607,614,589,423,544,482,421,393,470,572,471,427,493,538,521,548,545,443,640,520,566,456,590,510,536,486,598,228,477,456,414,471,575,450,524,462,403,334,391,330,383,305,397,494,476,458,499,388,422,427,541,459,415,510,540,576,370,491,544,503,443,454,417,558,560,386,405,457,445,321,558,356,392,477,432,425,433,414,432,419,551,296,373,489,469,515,528,495,361,280,576,615,681,378,322,450,422,409,399,503,424,457,547,646,643,569,585,598,553,546,553,622,642,407,345,383,371,457,290,290,418,400,435,514,582,469,591,557,522,571,548,559,514,332,439,602,567,574,573,263,295,197,501,490,595,615,659,578,619,440,576,485,637,437,420,394,396,421,448,485,476,478,424,492,406,227,417,336,424,467,444,406,436,589,553,503,476,465,544,409,502,541,527,623,636,690,569,633,641,583,651,581,627,564,641,665,534,617,342,694,597,652,625,480,510,558,469,565,546,540,541,446,580,638,504,496,460,517,488,551,504,491,552,429,585,498,508,610,530,667,439,608,456,623,691,706,663,616,540,590,665,721,621,407,409,432,550,538,344,499,422,335,475,614,531,583,627,594,665,583,533,613,590,428,391,347,418,415,490,404,396,367,378,632,562,540,645,678,658,710,645,619,416,675,569,645,661,634,649,645,664,627,543,584,404,725,534,582,419,597,654,548,566,384,306,451,294,426,522,399,243,375,226,481,325,400,317,432,387,483,317,410,349,580,558,577,555,560,523,555,518,583,560,458,424,441,389,474,299,523,404,462,460,625,417,556,554,420,597,588,528,527,517,606,531,562,570,620,601,570,531,633,559,653,572,800,731,512,558,632,654,494,723,391,572,449,518,608,639,583,531,546,554,363,412,443,302,423,536,373,422,418,299,704,659,676,633,819,677,694,549,733,638,452,658,279,382,399,495,446,528,701,655,616,514,693,609,549,594,617,608,608,418,496,476,471,502,508,458,471,408,462,426,731,660,653,696,684,656,647,710,689,500,559,609,633,671,610,647,567,636,602,589,694,748,680,718,763,785,684,640,727,733,671,659,588,648,767,689,638,636,649,695,559,642,740,639,608,601,593,720,581,584,633,469,604,634,607,590,703,652,683,657,672,635,670,620,755,632,615
