78,80,79,83,74,81,83,82,77,83,81,78,84,89,85,89,86,82,85,87,82,83,82,88,92,88,91,88,89,84,89,93,88,93,98,94,94,92,95,94,92,96,89,95,95,94,93,95,97,95,98,96,98,96,92,97,97,100,97,96,98,98,96,97,96,97,99,97,100,98,95,98,99,100,98,100,99,100,100,98,99,98,99,99,99,100,99,98,99,99,99,100,100,99,99,99,100,99,100,97,99,100,100,100,99,97,98,100,100,99,100,99,98,100,98,100,100,99,100,99,100,100,98,100,99,99,98,100,99,99,99,99,100,100,98,100,100,100,100,100,98,99,98,100,98,100,100,100,100,100,100,99,100,100,100,100,100,100,100,100,98,100,98,97,100,99,98,100,100,100,99,100,100,99,99,100,97,100,99,100,100,99,97,99,100,99,100,100,99,100,100,100,100,98,100,99,100,100,100,100,96,99,100,100,100,100,100,99,100,100,100,100,100,99,100,99,100,99,99,100,100,99,100,99,100,100,99,99,99,99,100,98,99,98,100,100,99,99,100,98,100,100,99,100,100,99,100,100,100,100,100,99,99,100,100,100,100,99,100,100,100,100,100,98,99,99,100,100,100,100,100,100,100,99,100,99,99,100,98,100,99,99,99,100,100,100,100,100,100,99,99,100,100,100,97,100,100,99,100,100,100,99,99,100,100,100,99,100,100,99,96,100,100,100,100,98,100,100,99,99,100,97,98,100,100,100,99,100,100,99,100,100,100,100,100,100,98,100,100,99,100,100,100,99,100,100,100,100,100,100,99,100,100,99,100,99,99,100,99,100,99,100,100,100,99,100,98,99,98,100,100,100,100,100,100,99,100,100,99,99,100,100,100,100,99,99,99,100,100,99,100,100,100,99,100,100,99,99,100,99,100,100,99,98,99,100,98,100,99,100,100,100,100,99,99,100,100,100,100,100,100,100,100,100,100,100,100,100,100,100,100,99,99,100,100,100,100,100,100,99,100,100,100,99,98,99,100,100,100,99,100,100,100,99,100,100,98,100,100,100,100,100,99,100,100,100,100,98,97,100,98,100,100,98,99,99,100,100,100,98,100,100,100,100,100,99,99,100,98,98,99,98,99,99,100,100,100,99,100,99,100,100,100,100,100,98,100,100,100,98,99,100,100,100,99,99,100,99,99,98,100,100,100,100,100,100,100,99,100,100,99,99,97,100,99,100,100,99,99,99,99,97,100,99,99,100,100,100,100,99,100,99,100,100,100,100,100,100,100,100,100,100,100,100,99,100,100,100,98,100,99,100,100,100,100,100,100,100,100,98,100,100,99,100,100,99,100,99,100,100,100,100,99,100,100,100,99,99,99,100,99,100,100,100,100,100,100,100,100,100,99,100,100,100,99,99,98,100,98,99,99,99,100,100,100,99,100,99,100,99,100,99,100,98,100,100,100,100,100,99,100,100,100,98,100,100,100,100,100,100,100,100,100,99,100,99,100,100,99,100,99,100,100,98,99,99,100,99,98,100,100,99,100,100,100,100,100,100,100,100,99,100,99,99,100,100,100,100,99,99,99,99,100,100,100,99,100,100,100,100,100,100,100,100,100,100,100,99,100,100,100,100,100,99,100,100,100,100,100,100,100,100,100,100,100,100,100,100,100,100,98,99,100,100,99,100,100,100,100,100,100,100,99,100,100,100,100,100,100,100,100,100,99,100,100,100,99,100,100,100,100,100,100,100,100,100,100,99,100,100,100,100,100,100,100,100,99,100,100,100,100,99,100,100,100,100,100,100,100,100,100,100,100,100,99,100,100,100,100,100,100,100,100,100,100,100,100,100,99,100,99,100,100,100,100,100,100,100,100,100,100,100,99,100,100,100,99,100,100,100,99,99,100,100,100,100,100,100,100,100,100,100,99,100,100,100,99,100,99,100,100,100,100,100,100,99,100,100,100,100,100,99,100,100,100,100,100,100,100,100,100,100,100,100,100,100,100,99,99,100,99,100,99,100,99,100,100,100,100,100,100,99,100,100,100,100,100,100,100,100,100,100,100,100,100,100,99,100,100,100,100,100,100,100,100,100,100,100,100,100,99,100,100,100,100,100,100,100,100,100,100,99,100,100,100,100,100,100,100,100,100,100,100,100,100,99,100,100,100,99,100,100,100,100,100,99,99,98,100,100,100,100,98,100,100,100,100,100,100,100,100,100,100,100,100,100,100,100,100,100,100,100,100,99,100,100,100,100,100,100,100,100,100,100,100,100,100,100,99,100
77,82,76,77,88,88,84,80,84,81,83,87,84,81,81,84,80,82,84,87,85,86,88,100,94,98,94,93,92,92,96,95,98,95,96,98,97,96,98,94,95,92,95,90,93,96,99,95,97,97,94,94,98,96,97,96,97,96,98,97,97,100,98,100,99,100,100,99,99,99,100,100,99,100,99,100,100,99,100,100,100,100,100,100,100,100,100,100,100,100,100,100,99,100,100,100,100,100,100,100,99,100,100,100,99,100,100,100,100,100,100,100,100,100,100,100,100,100,100,100,100,99,100,100,100,100,100,100,100,100,100,100,100,100,100,100,100,100,99,100,99,99,100,100,100,99,100,99,100,100,100,100,100,100,100,100,100,100,100,100,100,100,99,100,100,100,99,99,100,100,100,100,100,100,100,100,100,100,100,100,100,100,100,100,100,100,100,99,100,98,100,100,100,100,100,100,100,100,100,100,99,100,100,100,100,100,99,100,100,100,100,100,100,100,100,100,100,100,100,100,100,100,100,100,99,100,100,100,100,100,100,100,100,99,100,100,100,100,100,100,100,100,99,100,100,100,100,100,100,100,100,100,100,100,100,100,100,100,100,100,100,100,100,100,100,100,100,100,100,100,100,100,100,100,100,100,100,100,100,100,100,100,99,100,100,100,100,100,100,100,100,100,100,100,100,100,100,100,100,100,100,100,100,100,100,100,100,100,100,100,100,100,100,100,100,100,100,100,100,100,100,100,100,100,100,100,99,100,100,100,100,100,100,100,100,100,100,100,100,100,100,99,100,99,100,100,100,100,100,100,100,100,100,100,100,100,100,100,100,100,100,100,100,100,100,100,100,100,100,100,100,100,100,100,100,100,100,100,100,100,100,100,100,100,100,100,100,100,100,100,100,100,100,100,100,100,100,100,100,100,100,100,100,100,100,100,100,100,100,100,100,100,100,100,100,100,100,100,100,100,100,100,100,100,100,99,100,100,100,100,99,100,100,99,100,100,99,100,100,100,100,100,100,100,100,100,100,100,100,100,100,100,100,100,100,100,100,100,100,100,100,100,100,100,100,100,100,100,100,100,100,100,100,100,100,100,100,100,100,100,100,100,100,100,100,100,100,100,100,100,100,100,100,100,100,100,100,100,100,100,100,100,100,100,100,100,100,100,100,100,99,100,100,100,100,100,100,100,100,100,100,100,100,100,100,100,100,100,100,100,100,100,100,100,99,100,100,100,100,100,100,100,100,100,100,100,100,100,100,100,100,100,100,100,100,100,100,100,100,100,100,100,100,100,99,100,100,100,100,100,100,100,100,100,100,100,100,100,100,100,100,100,100,100,100,100,100,100,100,100,100,100,100,100,100,100,99,100,100,100,100,100,100,100,100,100,100,100,100,100,100,100,100,100,100,100,100,100,100,100,100,99,100,100,100,100,100,100,100,100,100,100,100,98,100,100,100,100,100,100,100,100,100,100,100,100,100,99,100,100,100,100,100,100,100,100,100,99,100,100,100,99,100,100,100,100,100,100,100,100,100,100,100,100,100,100,100,100,100,100,100,100,100,100,100,100,100,100,100,100,100,100,100,100,100,100,100,100,100,100,100,100,100,100,100,100,100,99,100,100,99,100,100,100,100,100,100,100,99,100,100,100,99,100,100,100,100,100,100,100,100,100,100,100,100,100,100,100,100,100,100,100,100,100,100,100,100,100,100,99,100,100,100,100,100,100,100,100,100,100,100,100,100,100,100,100,100,100,100,100,100,100,100,100,100,100,100,100,100,100,100,100,100,100,100,100,100,100,100,100,100,100,100,100,100,100,100,100,100,100,100,100,100,100,100,100,100,100,100,100,100,100,100,100,100,100,100,100,100,100,100,100,100,100,100,100,100,100,100,100,100,100,100,100,100,100,100,100,100,100,100,100,100,100,100,100,100,100,100,100,100,100,100,100,100,100,100,100,100,100,100,100,100,100,100,100,100,100,100,100,100,99,100,100,100,100,100,100,100,100,100,100,100,100,100,100,100,100,100,100,100,100,100,100,100,100,100,100,100,100,100,100,100,100,100,100,100,100,100,100,100,100,100,100,100,100,100,100,99,100,100,100,100,100,100,100,100,100,100,100,100,100,100,100,100,100,99,100,100,100,100,100,100,100,100,100,100,100,100,100,100,100,100,100,100,100,100,100,100,100,100,100,100,100,100,100,100,100,100,100,100,100,100,100,100,100,100,100,100,100,100,100,100,100,100,100,99,100,100,100,100,100,99,100,100,100,100,100,98,100
79,79,76,81,76,63,71,72,70,85,85,81,76,84,83,92,86,85,88,87,88,87,88,88,88,88,90,87,94,93,91,92,90,91,91,94,92,96,96,95,95,94,91,98,94,96,94,95,94,97,92,89,97,96,96,85,92,91,88,98,98,94,88,96,93,95,93,98,95,98,95,98,96,97,95,97,100,97,95,100,99,96,96,95,97,94,92,96,93,89,95,99,95,97,95,96,97,98,98,99,99,98,99,99,99,95,95,99,98,95,97,96,97,97,99,100,98,97,97,98,97,100,100,100,100,100,99,97,97,99,100,100,99,100,99,100,100,100,97,100,97,98,99,97,99,98,100,99,100,100,97,100,98,99,98,100,99,99,99,100,96,100,100,100,100,100,99,100,99,99,98,98,100,100,100,99,100,100,99,99,100,100,100,97,99,99,99,98,100,100,98,100,93,99,98,99,98,99,99,96,97,97,99,100,100,100,100,99,99,100,100,99,100,99,100,100,100,100,100,100,99,100,100,100,100,100,99,100,100,100,100,100,99,95,96,95,96,92,98,96,95,98,96,100,100,99,100,99,100,100,100,100,100,100,100,100,100,100,100,100,100,100,100,100,99,99,99,100,100,100,99,99,100,100,98,99,100,99,100,100,100,98,100,100,100,100,99,100,100,100,100,100,100,99,100,100,100,100,100,100,99,100,100,100,99,100,100,100,100,99,100,100,98,97,100,100,100,100,100,100,100,100,100,100,99,100,100,100,100,100,100,99,100,100,99,100,100,100,100,99,100,100,100,100,99,100,100,100,99,100,100,100,100,100,100,100,100,100,100,100,100,100,100,100,100,99,100,100,100,100,100,100,100,100,100,100,100,100,100,100,100,100,100,100,99,100,100,100,100,99,100,100,99,99,100,100,100,100,100,100,100,100,100,100,99,100,100,100,100,100,100,100,100,100,100,100,100,100,100,100,99,99,100,100,100,100,100,100,100,100,100,100,100,100,100,100,100,100,100,100,100,100,100,100,99,100,100,100,99,99,100,100,100,100,100,100,99,100,100,100,100,100,99,100,100,100,100,100,100,100,99,100,99,100,100,100,100,100,100,100,100,99,100,99,100,100,100,100,100,100,100,100,100,100,100,100,100,100,100,100,98,100,100,100,100,100,100,100,98,99,99,99,100,100,100,100,100,100,100,100,100,100,100,100,100,100,100,100,100,100,98,100,100,99,100,100,99,100,100,100,100,99,100,100,100,100,100,100,100,100,99,100,100,100,100,100,100,100,100,100,99,100,100,100,100,100,99,100,100,100,100,100,100,99,100,100,100,99,100,100,99,99,100,99,99,100,100,100,100,100,100,100,100,100,100,100,98,100,100,100,100,100,100,100,99,100,100,100,100,100,100,100,100,100,100,100,100,100,100,100,100,100,100,100,100,100,100,100,100,100,100,100,100,100,100,100,100,100,100,100,100,100,100,100,100,100,100,100,100,100,100,100,100,100,100,100,100,100,100,100,100,100,100,100,100,100,100,100,100,100,100,100,100,100,100,100,99,100,100,100,100,100,99,100,100,100,100,99,99,100,100,100,100,100,100,100,100,100,100,100,99,100,100,100,100,99,100,100,98,100,100,99,100,100,100,100,100,99,100,100,100,100,100,100,100,100,100,100,100,100,100,99,100,100,100,100,99,99,100,100,100,100,100,100,100,99,100,100,99,100,100,100,100,100,100,100,100,99,100,100,100,100,100,100,100,100,100,100,100,100,100,100,99,100,100,99,100,100,100,100,100,100,100,99,100,100,100,100,100,100,100,100,100,100,100,100,100,100,100,100,100,100,100,100,100,98,100,100,99,100,100,100,100,100,100,100,100,100,100,100,100,99,100,100,99,99,100,99,100,100,100,100,100,100,100,100,99,100,100,100,100,99,100,100,99,100,99,100,100,100,100,100,98,100,100,100,100,100,100,99,100,100,100,100,100,98,99,100,100,100,100,100,100,100,100,99,100,100,100,100,100,100,99,98,100,100,100,97,95,99,99,100,97,100,99,99,100,100,100,100,100,100,100,100,100,100,99,99,100,100,100,100,100,100,100,100,100,100,100,100,100,99,100,100,99,99,100,100,100,100,100,100,100,100,99,99,99,100,100,100,100,100,100,100,100,100,100,100,100,100,99,100,100,99,100,100,99,100,100,100,100,100,100,99,100,99,100,100,100,100,100,100,100,100,100,100,100,98,100,100,99,100,100,100,100,100,100,100,100,100,100,100,100,100,100,100,99,100,100,100
68,74,80,73,78,72,77,68,80,80,85,79,74,76,82,93,82,74,90,88,86,88,87,90,96,92,94,91,90,95,95,94,93,92,97,98,99,98,96,96,89,94,97,98,100,100,100,99,98,98,100,100,97,100,100,99,100,98,99,100,100,100,100,100,100,99,99,100,100,100,100,100,99,98,97,98,98,99,100,99,99,100,98,99,99,98,100,100,98,99,100,100,100,100,100,100,99,100,99,100,99,100,97,100,100,100,100,99,100,100,100,100,100,99,100,99,98,100,100,99,100,100,99,100,100,100,100,100,100,100,100,100,99,100,99,100,99,100,99,100,100,100,100,100,100,99,99,100,100,98,100,100,100,100,98,100,99,99,100,100,100,99,100,100,100,100,100,99,99,100,99,100,100,100,100,99,100,100,100,100,100,99,100,99,100,100,100,100,100,100,100,100,100,100,100,100,100,100,100,100,100,100,99,100,99,100,100,100,100,100,100,100,100,100,100,99,100,100,99,100,100,100,100,100,100,100,98,100,100,100,100,99,100,100,100,100,100,100,100,100,100,100,100,100,100,100,100,100,100,100,100,100,99,100,100,100,100,100,100,100,100,100,100,100,100,100,100,100,100,100,100,100,100,100,100,100,100,100,100,100,100,100,100,100,100,99,100,100,100,100,100,100,99,100,100,100,100,100,99,100,100,100,100,100,100,100,100,100,99,100,100,100,100,100,100,100,100,100,100,100,100,100,100,100,100,100,100,100,100,100,100,100,100,100,100,100,99,100,100,99,100,100,100,100,100,100,100,100,100,100,100,100,100,100,100,100,100,100,100,100,100,100,100,100,100,100,100,100,100,100,100,100,100,100,100,100,100,100,100,100,100,100,100,100,100,100,100,100,100,100,100,100,100,100,100,100,100,100,100,100,100,100,100,100,100,100,100,100,100,100,100,100,100,100,100,100,100,100,100,100,100,100,100,100,100,100,100,99,100,100,100,100,100,100,100,98,100,100,100,100,100,100,100,100,100,100,100,100,100,100,100,100,100,100,100,100,100,100,100,100,100,100,100,100,100,100,100,100,100,100,100,100,100,100,100,100,100,100,100,100,100,100,100,100,100,100,100,100,100,100,100,100,100,100,100,100,100,100,100,100,100,100,100,99,100,100,100,100,100,100,100,100,100,100,100,100,100,100,100,100,100,100,100,100,100,100,100,100,100,100,100,99,100,100,100,100,100,100,100,100,100,100,100,100,100,100,100,100,100,100,99,100,100,100,100,100,100,100,100,100,100,100,100,100,100,100,100,100,100,100,100,100,99,100,100,100,100,100,100,100,99,100,100,100,100,100,100,100,100,99,100,100,100,100,100,100,100,100,100,100,100,100,100,100,100,100,100,100,100,100,100,100,100,100,99,100,100,100,100,100,100,100,100,100,100,100,100,100,100,100,100,100,100,100,100,100,100,100,100,100,100,100,100,99,100,100,100,100,100,100,100,99,100,100,100,100,100,100,100,100,100,100,100,100,100,100,99,100,100,100,100,100,100,100,100,100,100,100,100,100,100,100,100,100,100,100,100,100,100,100,100,100,100,100,100,100,100,100,100,100,100,100,100,100,100,100,100,100,100,100,100,100,100,100,100,100,100,100,100,100,99,100,100,100,100,100,100,100,99,100,100,100,100,100,100,100,100,99,100,100,100,100,100,100,100,100,100,100,99,100,100,100,99,100,100,100,100,100,100,100,100,100,100,100,100,100,100,100,100,100,99,100,100,100,100,100,100,100,100,100,99,100,100,100,100,100,100,100,100,100,100,100,99,100,100,98,100,100,100,100,100,100,100,100,100,100,99,100,100,100,100,100,100,100,100,100,100,100,100,100,100,99,100,100,100,100,100,100,100,100,100,100,100,100,100,100,100,100,100,100,100,100,100,100,100,100,100,100,100,100,100,100,100,100,100,100,100,100,100,100,100,100,100,99,100,100,100,100,100,100,100,100,100,100,100,100,100,100,100,100,100,100,100,100,100,100,100,100,100,100,100,99,100,100,100,100,100,100,100,100,100,100,100,100,100,100,100,100,100,100,100,100,100,100,100,100,100,100,100,100,100,100,100,100,100,100,100,100,100,100,100,100,100,100,100,100,100,100,100,100,100,100,100,100,100,100,100,100,100,100,100,100,100,100,100,100,100,100,100,100,100,100,99,100,100,100,99,100,100,100,100,100,100,100,100,100,100,100,100,100,100,100,100,100,100,100,100,100,100,100,100,99,100,100,100,100,100,100,100,100
79,78,74,88,83,76,78,85,82,75,81,75,85,88,89,93,94,91,90,98,90,82,92,98,93,98,96,96,96,97,95,95,95,100,100,99,99,100,97,93,100,99,98,100,100,100,100,99,99,99,100,99,98,100,100,100,99,99,100,100,99,100,100,100,100,100,100,100,100,99,98,100,100,100,99,100,100,100,100,100,100,100,100,99,99,100,99,100,100,100,100,99,100,100,100,100,100,100,100,100,100,100,100,100,100,100,100,100,98,100,100,100,100,100,100,100,100,100,100,100,100,100,99,100,100,99,100,100,100,100,100,100,100,100,100,99,100,100,100,100,100,99,100,100,100,100,100,99,98,100,100,100,100,100,100,100,100,99,100,100,100,99,100,100,100,100,100,100,100,100,100,100,100,100,100,100,100,100,100,100,100,100,100,100,100,100,100,100,99,100,100,100,100,100,100,100,100,100,100,100,100,100,100,100,100,100,100,100,100,100,100,100,100,100,100,100,100,100,100,100,100,100,100,100,100,100,100,100,99,100,100,100,100,100,100,100,100,100,100,100,100,100,100,100,100,100,100,100,100,100,100,100,100,100,100,100,100,100,100,100,100,100,100,100,100,100,100,100,100,99,100,100,100,100,100,100,100,100,100,100,100,100,100,100,100,100,100,100,100,100,100,100,100,100,100,100,100,100,100,100,100,100,99,100,100,100,100,100,100,100,100,100,100,100,100,100,100,100,100,99,100,100,99,100,100,99,100,100,100,100,100,100,99,100,100,100,100,100,100,100,100,100,100,100,100,100,100,100,100,100,100,100,100,100,100,100,100,100,100,100,100,100,100,100,100,100,100,100,100,100,100,100,100,100,100,100,100,100,100,100,100,100,100,100,100,100,100,100,100,100,100,100,99,100,100,100,100,100,100,100,100,100,100,100,100,100,100,100,100,100,100,100,100,100,100,100,100,100,100,100,100,100,100,100,100,100,100,100,100,100,100,100,100,100,100,100,100,100,99,100,100,100,99,100,100,100,100,100,100,100,100,100,100,100,100,100,100,100,100,100,100,100,100,100,100,100,100,100,100,99,100,100,100,100,100,100,100,100,100,100,100,100,100,100,100,100,100,100,100,100,100,100,100,100,100,100,100,100,100,100,100,100,100,100,100,100,100,100,100,100,100,100,100,100,100,100,100,100,100,100,100,100,100,100,100,100,100,100,100,100,100,100,100,100,100,100,100,100,100,100,99,100,100,100,100,100,100,100,100,100,100,100,100,100,100,100,100,100,100,100,100,100,100,100,100,100,100,100,100,100,100,100,100,100,100,100,100,100,100,100,100,100,100,100,100,100,100,100,100,100,100,100,100,100,100,100,100,100,100,100,100,100,100,100,100,100,100,100,100,100,100,100,100,100,100,100,100,100,100,100,100,100,100,100,100,100,100,100,100,100,100,100,100,100,100,100,100,100,100,100,100,100,100,100,100,100,100,100,100,100,100,100,100,100,100,100,100,100,100,100,99,100,100,100,100,100,100,100,100,100,100,100,100,100,100,100,100,100,100,100,100,100,100,100,100,100,100,100,100,100,100,100,100,100,99,100,100,100,100,100,100,100,100,100,100,100,100,100,100,100,100,100,100,100,100,100,100,99,100,100,100,100,100,100,99,100,100,100,100,99,100,100,100,100,100,100,100,100,100,100,100,100,100,100,100,100,100,100,100,100,100,100,100,100,100,100,100,100,100,100,100,100,100,100,100,100,100,100,100,100,100,100,100,100,100,100,100,100,100,100,100,100,100,100,100,100,99,100,100,100,100,100,100,100,100,100,100,100,100,100,100,100,100,100,100,100,100,100,100,99,100,100,100,100,100,100,100,100,100,100,100,100,100,100,100,100,100,100,100,100,100,100,100,100,100,100,100,100,100,100,100,100,100,100,100,100,100,100,100,100,100,100,100,100,100,100,100,100,100,100,100,100,100,100,100,100,100,100,100,100,100,100,100,100,100,100,100,100,100,100,100,100,100,100,100,100,100,100,100,100,100,100,100,100,100,100,100,100,100,100,100,100,100,100,100,100,100,100,100,100,100,100,100,100,100,100,100,100,100,100,100,99,100,100,100,100,100,100,100,100,100,100,100,100,100,100,100,100,100,100,99,100,100,100,100,100,100,100,100,100,100,100,100,100,100,100,100,100,100,100,100,100,100,100,100,100,100,100,100,100,100,100,100,100,100,100,100,100,100,100,100,100,100,100,100,100,100,100,100,100,100,100,100,100,100,100,100,100,100,99
73,80,81,83,77,83,79,85,82,80,83,73,74,81,90,87,91,85,85,86,84,87,90,94,93,95,88,96,91,95,88,96,95,98,98,97,96,96,97,99,97,98,95,99,99,100,98,100,99,97,100,100,99,100,99,100,100,100,100,100,97,99,99,98,100,100,99,100,99,98,99,99,98,100,100,99,99,99,100,100,100,98,100,100,100,100,100,100,99,100,99,100,100,100,100,99,100,100,100,100,100,100,100,99,100,100,99,100,100,100,100,100,100,100,100,100,100,100,99,100,100,100,100,100,100,100,100,100,100,99,100,100,100,99,100,98,99,99,100,100,100,100,96,100,99,100,100,100,100,100,100,100,100,100,99,100,100,100,100,100,100,100,100,100,100,100,100,100,98,100,100,99,100,99,100,100,100,99,100,99,100,100,99,100,100,100,100,100,100,100,100,100,100,100,100,100,100,100,100,100,100,100,100,100,100,100,100,99,100,100,100,100,100,100,100,100,100,100,100,100,100,99,100,100,100,100,100,100,100,100,100,100,100,100,100,100,100,100,100,99,100,100,100,100,100,100,99,100,100,100,100,100,100,100,100,100,100,99,100,100,100,100,100,100,100,100,99,99,100,100,100,100,100,100,100,100,100,100,100,100,100,100,100,100,100,100,100,100,100,100,100,100,100,100,99,100,100,100,100,100,100,100,100,100,100,100,100,100,100,100,100,100,100,100,100,100,99,100,100,100,100,100,100,100,100,100,100,100,100,100,100,100,100,100,100,100,100,100,100,100,100,100,100,100,100,100,100,100,100,100,100,100,99,100,100,100,100,100,100,100,100,100,100,100,100,100,100,100,100,100,100,100,100,100,100,100,100,100,100,100,100,100,100,100,100,100,100,100,100,100,100,100,100,100,100,100,100,100,100,100,100,100,100,100,100,100,100,100,100,100,100,100,100,100,100,100,100,100,100,100,100,100,100,100,100,100,100,100,100,100,100,100,100,100,100,100,100,100,100,100,100,100,99,100,100,100,100,100,100,100,100,100,100,100,100,100,100,100,100,100,100,100,100,100,100,100,100,100,100,100,100,100,100,100,100,100,100,100,100,100,100,100,100,100,100,100,100,100,100,100,100,100,100,100,100,100,100,100,100,100,100,100,100,100,100,100,100,100,100,100,100,100,100,100,100,100,100,100,100,100,100,100,100,100,100,100,100,100,100,100,100,100,100,100,100,100,100,100,100,100,100,100,100,100,100,100,100,100,100,100,100,100,100,100,100,100,100,100,100,100,100,100,100,100,100,100,100,100,100,99,100,100,100,100,100,100,100,100,100,100,100,100,100,100,100,100,100,100,100,100,100,100,100,100,100,100,100,100,100,100,100,100,100,100,100,100,100,100,100,100,100,100,100,100,100,100,100,100,100,100,100,100,100,100,100,100,100,100,100,100,100,100,100,100,100,99,100,100,99,100,100,100,100,100,100,100,100,100,100,100,100,100,100,100,100,99,100,100,100,100,100,100,100,100,100,100,100,100,100,100,100,100,100,100,100,100,100,100,100,100,100,100,100,100,100,100,100,100,100,100,100,100,100,99,100,100,100,100,100,99,100,100,100,100,100,100,99,100,100,100,100,100,100,100,100,100,100,100,100,100,100,100,100,100,100,100,100,100,100,100,100,100,100,100,99,100,100,100,99,100,100,100,100,100,100,100,100,100,100,100,100,100,100,99,100,100,100,100,99,100,100,100,100,100,100,100,100,100,100,100,99,100,100,100,100,100,100,100,100,100,100,100,100,100,100,100,100,100,99,100,100,100,100,100,100,100,99,100,100,100,100,100,100,100,100,100,100,100,100,100,100,100,100,100,100,100,100,100,100,100,100,100,100,100,100,100,100,100,100,100,100,100,100,100,100,100,99,100,100,100,100,100,100,100,100,100,100,100,100,100,100,100,100,100,100,100,100,100,100,100,100,100,100,100,100,100,100,100,100,100,100,100,100,100,100,100,100,100,100,100,100,100,100,100,100,100,100,100,100,100,100,100,100,100,100,100,100,99,100,100,100,100,100,100,100,100,100,100,100,100,100,99,100,100,100,100,100,100,100,100,100,100,100,100,100,100,100,100,100,100,100,99,100,100,100,100,100,100,100,100,100,100,100,100,100,100,100,100,100,100,100,100,100,100,100,100,100,100,100,100,100,100,100,100,100,100,100,100,100,100,100,100,99,100,100,100,100,100,100,100,100,100,100,100,100,100,100,100,100,100,100,100,100,100,99,100,100,100,100,100
78,78,84,77,77,82,83,81,83,84,87,83,87,84,88,85,89,82,90,85,88,90,85,93,95,93,94,93,90,87,92,91,92,98,98,98,95,94,95,94,97,94,93,100,97,100,99,98,99,98,99,99,100,98,100,100,99,100,97,100,99,98,100,98,100,100,96,99,100,99,100,100,100,99,100,99,100,99,100,100,98,100,100,98,100,100,100,100,99,99,99,100,100,100,99,100,99,100,100,100,100,100,100,100,100,99,100,99,100,99,99,99,99,100,99,100,100,100,100,100,100,99,100,100,100,99,100,99,100,100,100,100,100,100,100,99,100,100,100,99,100,100,100,100,99,100,100,100,100,100,100,100,100,100,99,100,100,100,100,100,100,100,100,100,100,100,100,100,100,100,99,100,100,100,100,99,100,99,99,100,100,100,100,100,100,100,100,100,100,100,100,100,100,100,100,100,100,100,100,100,100,100,100,100,100,100,99,100,100,100,100,100,100,100,100,100,100,100,100,100,100,100,100,100,100,100,100,100,100,100,100,100,100,100,100,100,100,100,100,100,100,100,100,100,100,100,100,100,100,100,100,100,100,100,100,100,100,100,100,100,100,100,100,100,100,100,100,100,100,100,100,100,100,100,100,100,100,100,100,100,100,100,100,100,100,100,100,100,100,100,100,100,100,100,100,100,100,100,100,100,100,100,100,100,100,100,100,100,100,100,100,100,100,100,100,100,100,100,100,100,100,100,100,100,100,100,100,100,100,100,100,100,100,100,100,100,100,100,100,100,100,100,100,100,100,100,100,100,100,100,100,100,100,100,100,100,100,100,100,100,100,100,100,100,100,100,100,100,100,100,100,100,100,100,100,100,100,100,100,100,100,100,100,100,100,100,100,99,100,100,100,100,100,100,100,100,100,100,100,100,100,100,100,100,100,100,100,100,100,100,100,99,100,100,100,100,100,100,100,100,100,100,100,100,100,100,100,100,100,100,100,100,100,100,100,100,100,100,100,100,100,100,100,100,100,100,100,100,100,99,100,100,100,100,100,100,100,100,100,100,100,100,100,100,100,100,100,100,100,100,100,100,100,99,100,100,100,100,100,100,100,100,100,100,100,100,100,100,100,100,100,100,99,100,100,100,100,100,100,100,100,100,100,100,100,100,100,100,100,100,99,100,100,100,100,100,100,100,100,100,100,100,100,100,100,100,100,100,100,100,100,100,100,99,100,100,100,100,100,100,100,100,100,100,100,100,100,100,100,100,100,100,100,100,100,100,100,100,100,100,100,100,100,100,100,100,100,100,100,100,100,100,100,100,100,100,100,100,100,100,100,100,100,100,100,100,100,100,100,100,100,100,100,100,100,100,100,100,99,100,100,99,100,100,100,99,100,100,100,100,100,100,100,100,100,100,100,100,100,100,100,99,100,100,100,100,100,100,100,100,100,100,100,100,100,100,100,100,100,100,100,100,100,100,100,100,100,100,100,100,100,100,100,100,100,100,100,100,100,100,100,99,100,100,100,99,100,100,100,100,100,100,100,100,100,100,100,100,100,100,100,100,100,100,100,100,100,100,100,100,100,100,100,100,99,100,100,100,100,100,100,100,100,100,100,100,100,100,100,100,100,100,100,100,100,100,100,100,100,100,100,100,100,100,100,100,100,100,100,100,100,100,100,99,100,100,100,100,100,100,100,100,100,100,100,100,100,100,100,100,100,100,100,100,100,100,100,100,100,100,100,100,100,100,100,100,100,100,100,100,100,100,100,100,100,100,100,100,100,100,100,100,100,100,100,100,100,100,100,100,99,100,100,100,100,100,100,99,100,100,100,100,100,100,100,100,100,100,100,100,100,100,100,100,100,100,100,100,100,100,100,100,100,100,100,100,100,100,100,100,100,100,100,100,100,100,100,100,100,100,100,100,100,100,100,100,100,100,100,100,100,100,100,100,100,100,100,100,100,100,100,100,100,100,100,100,100,100,100,100,100,100,100,100,100,100,100,100,100,100,100,100,100,100,100,100,100,100,100,100,100,100,100,100,100,100,100,100,100,100,100,100,100,100,100,100,100,100,100,100,100,100,100,100,100,100,100,100,100,100,100,100,100,100,100,99,100,100,100,100,100,100,100,100,100,100,100,100,100,100,100,100,100,100,100,100,100,100,100,100,100,100,100,100,100,100,100,100,100,100,100,100,100,100,100,100,100,100,100,100,100,100,100,100,100,100,100,100,100,100,100,100,100,100,100,100,100,100,100,100,100,100,100,100,100,100,100,100,100,100
87,85,84,80,77,80,82,85,80,88,77,85,83,93,89,86,93,85,88,91,92,94,93,91,90,98,94,95,96,92,97,91,95,98,97,93,99,97,98,100,98,99,98,100,96,99,99,97,99,97,95,99,99,98,100,100,99,99,97,97,100,98,99,97,98,100,98,99,100,98,99,97,98,97,100,99,100,98,99,99,97,99,99,99,100,99,99,99,98,100,98,100,100,99,97,100,98,98,100,100,98,100,100,98,99,98,100,100,97,99,99,100,98,100,100,99,99,100,99,98,99,100,98,98,99,99,98,100,100,100,100,98,100,100,100,100,98,100,100,100,100,100,99,100,98,100,100,99,100,100,100,100,100,100,98,100,100,100,100,99,100,99,100,99,100,99,99,99,100,100,99,100,100,100,99,99,100,100,99,99,99,100,99,100,100,100,100,100,100,100,100,100,100,100,99,100,99,100,100,100,100,100,100,100,100,99,99,100,99,100,100,100,100,99,100,100,100,99,99,100,99,100,100,100,100,100,100,100,98,100,100,100,100,100,100,100,100,100,100,100,100,100,100,100,100,100,100,100,99,98,100,100,100,99,100,100,100,100,99,100,100,100,100,100,100,100,100,100,98,100,100,100,99,100,100,100,100,100,99,99,100,100,100,100,100,100,99,100,100,100,100,100,100,100,100,100,100,100,100,99,100,100,100,100,100,100,100,100,100,100,100,100,100,100,100,100,100,100,100,100,100,100,100,100,100,99,100,100,99,100,100,99,100,100,100,100,100,100,100,100,100,100,100,99,100,98,100,100,99,97,99,99,100,100,100,100,100,100,100,99,100,100,100,100,100,100,100,100,100,100,100,99,100,99,100,100,99,100,100,99,99,99,99,99,100,100,99,99,100,100,100,100,100,100,100,100,100,100,100,100,100,100,100,100,98,100,100,100,100,100,100,100,100,100,100,100,100,100,100,100,100,100,100,100,100,100,100,100,100,100,100,100,100,99,100,100,100,100,100,100,100,100,100,100,100,100,100,100,99,100,99,99,100,100,100,100,99,100,100,100,100,100,99,100,100,100,100,100,100,100,100,100,100,100,100,100,100,100,100,100,100,100,100,100,100,100,100,100,100,100,100,100,100,100,100,100,100,100,100,100,100,100,100,100,100,100,100,100,100,100,100,100,100,100,100,100,100,100,100,100,100,100,100,100,99,100,100,100,100,100,100,100,100,100,100,100,100,100,99,100,100,100,100,99,100,100,100,100,100,100,100,100,100,100,100,100,100,100,99,100,100,100,100,100,100,100,100,100,100,100,100,100,100,100,100,100,100,100,100,100,100,100,100,100,100,100,100,100,100,100,100,100,100,100,100,99,100,100,100,100,100,100,100,100,100,100,100,100,100,100,99,99,100,100,100,100,100,100,100,100,100,100,100,100,99,100,100,100,99,100,100,100,100,100,99,100,100,100,100,100,100,99,100,100,100,100,100,100,100,100,100,100,100,100,100,100,100,100,100,100,100,100,100,100,100,100,100,100,100,99,100,100,100,100,100,100,100,100,100,100,100,100,100,100,100,100,100,100,100,100,100,100,100,100,100,100,100,100,100,100,100,100,99,100,100,100,100,100,100,100,100,100,100,100,100,100,100,100,100,100,100,100,100,100,100,100,100,100,100,100,100,100,100,100,100,100,100,100,99,100,99,100,100,100,100,100,99,100,100,100,100,100,100,100,100,100,100,100,100,100,100,100,100,99,99,100,100,100,100,100,100,100,100,100,100,100,100,100,100,100,100,100,100,100,100,100,100,99,100,100,100,100,100,100,100,100,100,100,100,100,100,100,100,100,100,100,100,100,100,100,100,100,100,100,100,100,100,100,100,100,100,100,100,98,100,100,100,100,99,100,100,100,100,100,100,100,100,99,100,100,98,99,100,100,100,100,100,100,100,100,100,100,100,100,100,100,100,100,100,100,100,100,100,100,100,100,100,100,100,100,100,100,100,99,100,100,100,99,100,100,100,100,100,100,99,100,100,100,100,100,100,100,100,99,100,100,100,100,100,100,100,100,100,100,100,100,100,100,100,100,100,100,100,100,100,100,100,100,100,100,100,100,100,100,100,100,100,100,100,100,100,99,100,100,100,100,100,100,100,100,100,100,100,100,100,100,100,100,100,100,100,100,99,100,100,100,100,100,100,100,100,100,100,100,100,100,99,100,100,100,100,100,100,100,100,100,100,100,100,100,100,100,100,100,100,100,100,100,100,100,100,100,100,100,100,100,100,100,100,100
82,80,86,80,82,75,87,81,75,84,87,84,80,91,89,88,86,92,87,79,95,94,90,91,85,93,88,89,85,95,90,84,79,95,98,96,92,93,94,95,95,96,98,100,99,96,96,97,94,96,99,97,100,97,97,99,100,96,95,99,96,99,98,98,100,99,100,98,100,99,98,99,100,100,99,99,100,99,100,99,100,100,100,99,99,100,99,98,100,100,100,99,100,100,99,100,100,100,100,100,98,99,99,100,100,99,98,99,100,100,100,99,99,100,99,100,99,100,99,99,99,100,100,100,100,100,100,100,100,100,100,100,100,100,100,100,100,100,98,99,99,100,100,98,99,100,100,99,100,99,100,100,100,100,100,99,100,100,100,100,100,100,100,100,100,100,100,100,100,100,100,99,100,100,100,100,100,100,100,100,100,100,100,100,100,100,100,100,100,98,100,100,100,100,100,100,100,100,99,100,100,100,100,100,100,100,100,100,100,100,100,100,100,100,100,100,100,100,100,100,100,100,100,99,100,100,100,100,99,100,100,100,100,100,100,100,100,100,100,100,99,100,100,100,100,100,100,100,100,100,100,100,100,100,100,100,100,100,100,100,100,100,99,100,100,100,100,100,100,100,100,100,100,100,100,100,100,100,100,99,100,100,100,100,100,100,100,100,100,100,100,100,99,100,100,100,100,100,100,100,100,100,100,100,100,100,99,100,100,100,100,100,100,100,100,100,100,100,100,100,100,100,100,100,100,100,100,100,100,100,100,100,100,100,100,100,100,100,100,100,99,100,100,100,100,100,100,100,100,100,100,100,100,100,100,100,100,100,99,100,100,100,100,100,100,100,100,100,100,100,100,100,100,99,100,100,100,100,100,100,100,100,100,100,100,100,100,100,100,100,100,100,100,100,100,100,100,100,100,100,100,100,100,100,100,100,100,100,100,100,100,100,100,100,100,100,100,100,100,100,100,100,100,100,100,100,100,99,100,100,100,100,100,100,100,100,100,100,100,100,100,100,100,100,100,100,100,100,100,100,100,100,100,100,100,100,100,100,100,100,100,100,100,100,100,100,100,100,100,100,100,100,100,100,100,100,100,100,100,100,100,99,100,100,100,100,100,100,100,100,100,100,100,100,100,100,100,100,100,100,100,100,100,100,100,100,100,100,100,100,100,100,100,100,99,100,100,100,100,100,100,100,100,100,100,100,100,100,100,100,100,100,100,100,100,100,99,100,100,100,100,100,100,100,100,100,100,100,100,100,100,100,100,100,100,100,100,100,100,100,100,100,100,100,100,100,100,100,100,100,100,100,100,100,100,100,100,100,100,100,100,100,100,100,100,100,99,100,100,100,100,100,100,100,100,100,100,100,100,100,100,100,100,100,100,100,100,100,100,100,100,100,100,100,100,100,100,100,100,100,100,100,100,100,100,100,100,100,100,100,100,100,100,100,100,100,100,100,100,100,100,100,100,100,100,100,100,100,100,99,100,100,100,99,100,100,100,100,99,100,100,100,100,100,100,100,100,100,99,100,100,100,100,100,100,100,100,100,100,100,100,99,100,100,100,100,100,100,100,100,100,100,100,100,100,100,100,100,100,100,100,100,100,100,100,100,100,100,100,100,100,100,100,100,100,100,100,99,100,100,100,100,100,100,100,100,100,100,100,100,100,100,100,100,99,100,100,100,100,100,100,100,100,100,100,100,100,100,100,100,100,100,100,100,100,100,100,100,100,100,100,100,99,100,100,100,100,100,100,100,100,100,100,100,100,100,100,100,100,100,100,100,100,100,100,100,100,100,100,100,100,100,100,100,100,100,100,100,100,100,100,100,100,100,100,100,100,100,100,100,100,100,100,100,100,100,100,100,100,100,100,100,100,100,100,100,100,100,100,100,100,100,100,100,100,100,100,100,100,100,100,100,100,100,100,100,100,100,100,100,100,100,100,100,100,100,99,100,99,100,100,100,100,100,100,100,100,100,100,100,100,100,100,100,100,100,100,100,100,100,100,100,100,100,100,100,100,100,100,100,100,100,100,100,100,100,100,100,100,100,99,100,99,100,100,100,100,100,100,100,100,100,100,100,100,100,100,100,100,100,100,100,100,100,100,100,100,100,99,100,100,100,100,100,100,100,100,100,100,100,100,100,100,100,100,99,100,100,100,100,100,100,100,100,100,100,100,100,100,100,100,100,100,100,100,100,100,100,100,100,100,100,100,100,100,100,100,100,100,100,100,100,100,100,100,100,100,100,100,100,100,100,100,100,100,99,100,100,100,100
91,80,82,82,72,83,85,81,79,74,79,79,86,80,77,85,87,83,83,90,81,87,78,95,93,98,98,93,95,91,96,97,93,93,93,96,91,96,96,98,98,93,98,100,97,94,98,98,100,98,93,96,98,99,95,97,99,99,97,97,98,100,96,98,99,99,100,99,100,99,100,100,99,98,99,98,99,100,99,99,97,99,100,98,100,100,97,97,99,100,100,100,99,99,100,100,100,99,98,97,98,98,99,99,100,100,100,100,99,100,99,100,99,100,99,99,100,100,100,100,100,99,100,100,100,100,100,99,100,100,98,100,100,100,100,99,100,100,100,100,99,100,100,99,100,100,99,100,100,100,100,100,100,100,100,100,100,100,100,100,100,100,100,100,100,100,100,100,100,100,100,100,99,100,100,100,100,99,100,100,100,100,100,100,100,100,100,100,100,100,100,100,100,100,100,100,100,100,100,100,100,100,100,99,100,100,100,100,99,100,100,100,100,100,99,100,100,100,100,100,100,100,100,100,100,100,100,100,100,100,100,100,100,99,100,100,100,100,100,100,100,100,100,100,100,99,100,100,100,100,100,100,99,100,100,100,100,100,100,100,99,100,100,100,100,100,100,99,100,100,100,100,100,99,100,100,100,100,100,100,100,100,100,100,100,100,100,100,100,100,100,99,100,100,100,100,100,100,100,100,99,99,100,100,99,100,100,100,100,100,100,100,99,100,100,100,100,100,100,100,100,100,100,100,100,99,99,100,100,100,99,100,100,100,100,100,100,100,100,100,100,100,100,99,100,99,100,100,100,100,100,100,100,100,100,100,100,100,100,100,100,100,100,100,100,100,100,100,100,100,100,100,100,100,100,99,100,99,100,100,99,100,100,99,97,100,100,100,100,100,100,100,100,100,100,100,100,100,100,100,100,100,100,100,100,99,100,100,99,100,100,100,100,100,100,100,99,100,100,100,100,100,100,100,99,100,100,100,100,100,100,100,100,100,100,100,99,100,100,100,100,100,100,100,100,100,100,100,100,100,100,100,99,100,100,100,100,100,100,100,100,99,100,100,100,100,100,100,100,100,100,100,100,100,100,100,100,100,100,99,100,99,100,100,100,100,100,100,100,100,100,100,100,100,100,100,100,99,100,100,100,100,99,100,99,100,100,100,100,100,100,99,99,100,100,100,100,100,100,100,100,99,100,100,100,100,100,100,100,100,100,100,100,100,100,100,100,99,99,100,100,100,100,100,99,100,100,100,100,100,100,100,100,100,100,100,100,100,100,100,100,100,100,100,100,100,99,100,100,100,100,100,100,100,100,100,100,100,99,100,100,99,99,100,99,100,100,99,100,100,99,100,100,100,100,100,100,100,99,100,100,99,100,99,100,100,99,99,100,100,100,100,100,100,100,100,99,100,98,99,100,100,100,100,100,99,100,100,100,100,100,99,100,100,99,100,100,100,99,99,100,100,100,100,99,100,99,100,100,100,100,100,99,100,100,100,100,100,100,100,99,99,100,100,100,100,100,100,100,100,100,100,100,100,100,100,100,100,100,100,100,100,100,100,100,100,98,100,100,100,100,100,100,99,99,100,100,100,100,99,100,99,100,100,100,100,100,100,100,100,100,100,100,100,98,100,100,100,100,100,100,99,100,99,100,100,100,100,98,100,100,98,99,100,100,99,100,100,100,100,100,100,99,100,100,100,100,100,100,100,100,100,100,100,99,100,100,100,100,100,100,100,100,100,100,100,100,100,100,100,99,100,100,100,100,100,100,100,100,100,100,100,100,100,100,100,100,100,100,100,100,100,100,100,100,100,99,100,100,100,100,99,100,100,100,100,100,100,99,100,100,99,100,100,100,100,100,100,99,100,100,100,100,100,100,100,100,100,100,100,100,100,100,99,100,100,100,100,100,99,100,100,100,100,100,100,100,100,100,100,100,100,100,99,100,100,99,100,100,100,100,100,100,100,100,100,100,100,100,99,100,99,100,100,100,100,100,100,100,100,100,98,100,100,100,100,100,100,100,99,100,99,100,100,100,100,100,100,99,100,100,100,100,100,100,99,100,100,100,100,100,100,100,100,100,100,99,100,99,100,100,100,100,100,100,100,100,100,99,100,100,100,100,100,99,100,100,100,100,100,100,100,100,99,100,100,100,100,100,100,100,100,100,99,100,100,100,100,100,100,100,100,100,100,99,99,100,100,100,99,100,100,100,100,100,100,100,100,100,99,99,100,99,100,98,100,100,100,100,100,100,99,100,100,100,100,99,100,100,100
