episodes,people,maxeplen,learning rate,batch size
1000,5,100,0.0001,64
0,0,0,0,0,0,0,0,0,0,0,0,0,0,0,0,0,0,0,0,0,0,0,0,0,0,0,0,0,0,0,0,0,0,0,0,0,0,0,0,0,0,0,0,0,0,0,0,0,0,0,0,0,0,0,0,0,0,0,0,0,0,0,0,0,0,0,0,0,0,0,0,0,0,0,0,0,0,0,0,0,0,0,0,0,0,0,0,0,0,0,0,0,0,0,0,0,0,0,0,0,0,0,0,0,0,0,0,0,0,0,0,0,0,0,0,0,0,0,0,0,0,0,0,0,0,0,0,0,0,0,0,0,0,0,0,0,0,0,0,0,0,0,0,0,0,0,0,0,0,0,0,0,0,0,0,0,0,0,0,0,0,0,0,0,0,0,0,0,0,0,0,0,0,0,0,0,0,0,0,0,0,0,0,0,0,0,0,0,0,0,0,0,0,0,0,0,0,0,0,0,0,0,0,0,0,0,0,0,0,0,0,0,0,0,0,0,0,0,0,0,0,0,0,0,0,0,0,0,0,0,0,0,0,0,0,0,0,0,0,0,0,0,0,0,0,0,0,0,0,0,0,0,0,0,0,0,0,0,0,0,0,0,0,0,0,0,0,0,0,0,0,0,0,0,0,0,0,0,0,0,0,0,0,0,0,0,0,0,0,0,0,0,0,0,0,0,0,0,0,0,0,0,0,0,0,0,0,0,0,0,0,0,0,0,0,0,0,0,0,0,0,0,0,0,0,0,0,0,0,0,0,0,0,0,0,0,0,0,0,0,0,0,0,0,0,0,0,0,0,0,0,0,0,0,0,0,0,0,0,0,0,0,0,0,0,0,0,0,0,0,0,0,0,0,0,0,0,0,0,0,0,0,0,0,0,0,0,0,0,0,0,0,0,0,0,0,0,0,0,0,0,0,0,0,0,0,0,0,0,0,0,0,0,0,0,0,0,0,0,0,0,0,0,0,0,0,0,0,0,0,0,0,0,0,0,0,0,0,0,0,0,0,0,0,0,0,0,0,0,0,0,0,0,0,0,0,0,0,0,0,0,0,0,0,0,0,0,0,0,0,0,0,0,0,0,0,0,0,0,0,0,0,0,0,0,0,0,0,0,0,0,0,0,0,0,0,0,0,0,0,0,0,0,0,0,0,0,0,0,0,0,0,0,0,0,0,0,0,0,0,0,0,0,0,0,0,0,0,0,0,0,0,0,0,0,0,0,0,0,0,0,0,0,0,0,0,0,0,0,0,0,0,0,0,0,0,0,0,0,0,0,0,0,0,0,0,0,0,0,0,0,0,0,0,0,0,0,0,0,0,0,0,0,0,0,0,0,0,0,0,0,0,0,0,0,0,0,0,0,0,0,0,0,0,0,0,0,0,0,0,0,0,0,0,0,0,0,0,0,0,0,0,0,0,0,0,0,0,0,0,0,0,0,0,0,0,0,0,0,0,0,0,0,0,0,0,0,0,0,0,0,0,0,0,0,0,0,0,0,0,0,0,0,0,0,0,0,0,0,0,0,0,0,0,0,0,0,0,0,0,0,0,0,0,0,0,0,0,0,0,0,0,0,0,0,0,0,0,0,0,0,0,0,0,0,0,0,0,0,0,0,0,0,0,0,0,0,0,0,0,0,0,0,0,0,0,0,0,0,0,0,0,0,0,0,0,0,0,0,0,0,0,0,0,0,0,0,0,0,0,0,0,0,0,0,0,0,0,0,0,0,0,0,0,0,0,0,0,0,0,0,0,0,0,0,0,0,0,0,0,0,0,0,0,0,0,0,0,0,0,0,0,0,0,0,0,0,0,0,0,0,0,0,0,0,0,0,0,0,0,0,0,0,0,0,0,0,0,0,0,0,0,0,0,0,0,0,0,0,0,0,0,0,0,0,0,0,0,0,0,0,0,0,0,0,0,0,0,0,0,0,0,0,0,0,0,0,0,0,0,0,0,0,0,0,0,0,0,0,0,0,0,0,0,0,0,0,0,0,0,0,0,0,0,0,0,0,0,0,0,0,0,0,0,0,0,0,0,0,0,0,0,0,0,0,0,0,0,0,0,0,0,0,0,0,0,0,0,0,0,0,0,0,0,0,0,0,0,0,0,0,0,0,0,0,0,0,0,0,0,0,0,0,0,0,0,0,0,0,0,0,0,0,0,0,0,0,0,0,0,0,0,0,0,0,0,0,0,0,0,0,0,0,0,0,0,0,0,0,0,0,0,0,0,0,0,0,0,0,0,0,0,0,0,0,0,0,0,0
""
0,0,0,0,0,0,0,0,0,0,0,0,0,0,0,0,0,0,0,0,0,0,0,0,0,0,0,0,0,0,0,0,0,0,0,0,0,0,0,0,0,0,0,0,0,0,0,0,0,0,0,0,0,0,0,0,0,0,0,0,0,0,0,0,0,0,0,0,0,0,0,0,0,0,0,0,0,0,0,0,0,0,0,0,0,0,0,0,0,0,0,0,0,0,0,0,0,0,0,0,0,0,0,0,0,0,0,0,0,0,0,0,0,0,0,0,0,0,0,0,0,0,0,0,0,0,0,0,0,0,0,0,0,0,0,0,0,0,0,0,0,0,0,0,0,0,0,0,0,0,0,0,0,0,0,0,0,0,0,0,0,0,0,0,0,0,0,0,0,0,0,0,0,0,0,0,0,0,0,0,0,0,0,0,0,0,0,0,0,0,0,0,0,0,0,0,0,0,0,0,0,0,0,0,0,0,0,0,0,0,0,0,0,0,0,0,0,0,0,0,0,0,0,0,0,0,0,0,0,0,0,0,0,0,0,0,0,0,0,0,0,0,0,0,0,0,0,0,0,0,0,0,0,0,0,0,0,0,0,0,0,0,0,0,0,0,0,0,0,0,0,0,0,0,0,0,0,0,0,0,0,0,0,0,0,0,0,0,0,0,0,0,0,0,0,0,0,0,0,0,0,0,0,0,0,0,0,0,0,0,0,0,0,0,0,0,0,0,0,0,0,0,0,0,0,0,0,0,0,0,0,0,0,0,0,0,0,0,0,0,0,0,0,0,0,0,0,0,0,0,0,0,0,0,0,0,0,0,0,0,0,0,0,0,0,0,0,0,0,0,0,0,0,0,0,0,0,0,0,0,0,0,0,0,0,0,0,0,0,0,0,0,0,0,0,0,0,0,0,0,0,0,0,0,0,0,0,0,0,0,0,0,0,0,0,0,0,0,0,0,0,0,0,0,0,0,0,0,0,0,0,0,0,0,0,0,0,0,0,0,0,0,0,0,0,0,0,0,0,0,0,0,0,0,0,0,0,0,0,0,0,0,0,0,0,0,0,0,0,0,0,0,0,0,0,0,0,0,0,0,0,0,0,0,0,0,0,0,0,0,0,0,0,0,0,0,0,0,0,0,0,0,0,0,0,0,0,0,0,0,0,0,0,0,0,0,0,0,0,0,0,0,0,0,0,0,0,0,0,0,0,0,0,0,0,0,0,0,0,0,0,0,0,0,0,0,0,0,0,0,0,0,0,0,0,0,0,0,0,0,0,0,0,0,0,0,0,0,0,0,0,0,0,0,0,0,0,0,0,0,0,0,0,0,0,0,0,0,0,0,0,0,0,0,0,0,0,0,0,0,0,0,0,0,0,0,0,0,0,0,0,0,0,0,0,0,0,0,0,0,0,0,0,0,0,0,0,0,0,0,0,0,0,0,0,0,0,0,0,0,0,0,0,0,0,0,0,0,0,0,0,0,0,0,0,0,0,0,0,0,0,0,0,0,0,0,0,0,0,0,0,0,0,0,0,0,0,0,0,0,0,0,0,0,0,0,0,0,0,0,0,0,0,0,0,0,0,0,0,0,0,0,0,0,0,0,0,0,0,0,0,0,0,0,0,0,0,0,0,0,0,0,0,0,0,0,0,0,0,0,0,0,0,0,0,0,0,0,0,0,0,0,0,0,0,0,0,0,0,0,0,0,0,0,0,0,0,0,0,0,0,0,0,0,0,0,0,0,0,0,0,0,0,0,0,0,0,0,0,0,0,0,0,0,0,0,0,0,0,0,0,0,0,0,0,0,0,0,0,0,0,0,0,0,0,0,0,0,0,0,0,0,0,0,0,0,0,0,0,0,0,0,0,0,0,0,0,0,0,0,0,0,0,0,0,0,0,0,0,0,0,0,0,0,0,0,0,0,0,0,0,0,0,0,0,0,0,0,0,0,0,0,0,0,0,0,0,0,0,0,0,0,0,0,0,0,0,0,0,0,0,0,0,0,0,0,0,0,0,0,0,0,0,0,0,0,0,0,0,0,0,0,0,0,0,0,0,0,0,0,0,0,0,0,0,0,0,0,0,0,0,0,0,0,0,0,0,0,0,0,0,0,0,0,0,0,0,0,0,0,0,0,0,0,0,0,0,0,0,0,0,0,0,0,0,0,0,0,0,0,0,0,0,0,0,0,0,0,0,0,0,0,0,0,0,0,0,0,0,0,0,0,0,0,0,0,0,0,0,0,0,0,0,0,0,0,0,0,0,0
0,0,0,0,0,0,0,0,0,0,0,0,0,0,168,117,0,0,0,131,0,137,72,0,211,52,62,0,26,102,79,201,58,0,0,0,0,0,0,0,0,0,0,0,0,29,0,0,25,0,0,0,0,0,0,0,87,0,0,0,0,0,0,0,0,0,0,0,0,0,0,0,0,0,0,0,0,0,0,0,0,0,0,159,143,107,193,135,75,113,97,102,214,0,0,0,0,0,0,0,0,0,0,0,120,0,0,49,0,0,0,42,0,0,0,0,0,0,0,0,0,0,0,0,0,0,0,0,0,0,0,0,0,0,0,0,0,0,0,0,0,0,0,0,0,0,0,0,0,0,0,0,0,0,0,0,0,0,0,0,0,0,0,0,0,0,0,0,0,0,0,0,34,0,0,0,0,0,0,0,0,0,0,0,0,0,0,0,22,0,0,0,0,0,0,0,0,0,0,44,0,0,0,0,0,0,0,0,0,0,0,0,0,29,53,0,96,31,61,50,98,35,50,0,0,0,0,0,0,0,0,0,0,0,0,0,0,0,0,0,0,0,0,0,0,0,0,0,0,0,0,0,0,0,0,0,0,0,0,0,0,0,0,0,0,0,0,0,0,0,0,0,0,0,0,0,0,0,0,0,0,0,0,0,0,0,0,0,0,0,0,0,0,0,0,0,0,0,0,0,0,0,0,0,0,0,0,0,0,0,0,0,0,0,0,0,0,0,0,0,0,0,0,0,0,0,0,0,0,0,0,0,0,0,0,0,0,0,0,0,0,0,0,0,0,0,0,0,0,0,0,0,0,0,0,0,0,0,0,0,0,0,0,0,0,0,0,0,0,0,0,0,0,0,0,0,0,0,0,0,0,0,0,0,0,0,0,0,0,0,0,0,0,0,0,0,0,0,0,0,0,0,0,0,0,0,0,0,0,0,0,0,0,0,0,0,0,0,0,0,0,0,0,0,0,0,0,0,0,0,0,0,0,0,0,0,0,0,0,0,0,0,0,0,0,0,0,0,0,0,0,0,0,0,0,0,0,0,0,0,0,0,0,0,0,0,0,0,0,0,0,0,0,0,0,0,0,0,0,0,0,0,0,0,0,0,0,0,0,0,0,0,0,0,0,0,0,0,0,0,0,0,0,0,0,0,0,0,0,0,0,0,0,0,0,0,0,0,0,0,0,0,0,0,0,0,0,0,0,0,0,0,0,0,0,0,0,0,0,0,0,0,0,0,0,0,0,0,0,0,0,0,0,0,0,0,0,0,0,0,0,0,0,0,0,0,0,0,0,0,0,0,0,0,0,0,0,0,0,0,0,0,0,0,0,0,0,0,0,0,0,0,0,0,0,0,0,0,0,0,0,0,0,0,0,0,0,0,0,0,0,0,0,0,0,0,0,0,0,0,0,0,0,0,0,0,0,0,0,0,0,0,0,0,0,0,0,0,0,0,0,0,0,0,0,0,0,0,0,0,0,0,0,0,0,0,0,0,0,0,0,0,0,0,0,0,0,0,0,0,0,0,0,0,0,0,0,0,0,0,0,0,0,0,0,0,0,0,0,0,0,0,0,0,0,0,0,0,0,0,0,0,0,0,0,0,0,0,0,0,0,0,0,0,0,0,0,0,0,0,0,0,0,0,0,0,0,0,0,0,0,0,0,0,0,0,0,0,0,0,0,0,0,0,0,0,0,0,0,0,0,0,0,0,0,0,0,0,0,0,0,0,0,0,0,0,0,0,0,0,0,0,0,0,0,0,0,0,0,0,0,0,0,0,0,0,0,0,0,0,0,0,0,0,13,8,8,6,0,0,0,0,28,0,0,0,0,0,0,0,0,0,0,0,0,0,0,0,0,0,0,0,0,0,0,0,0,0,0,0,0,0,0,0,0,0,0,0,0,0,0,0,0,0,0,0,0,0,0,0,0,0,8,0,0,0,0,0,0,0,0,0,0,0,0,0,0,0,16,0,48,0,0,0,0,0,0,0,0,0,0,0,0,0,0,0,0,0,0,0,0,0,0,0,0,0,0,0,0,0,0,0,0,0,0,0,0,0,0,0,0,0,0,0,0,0,0,0,0,0,0,0,0,0,0,0,0,0,0,0,0,0,0,0,0,0,0,0,0,0,0,0,0,0,0,0,0,0,0,0,0,0,0,0,0,0,0,0,0,0,0,0,0,0,0,0,0,0,0,0,0,0,0,0,0,0,0,0,0,0,0,0,0,0,0,0,0,0,0,0,0,0,0,0,0,0,0,0,0,0
""
0,0,0,0,0,0,0,0,0,0,0,0,0,0,63,64,0,0,0,71,0,74,72,0,67,52,62,0,26,61,40,67,30,0,0,0,0,0,0,0,0,0,0,0,0,29,0,0,25,0,0,0,0,0,0,0,87,0,0,0,0,0,0,0,0,0,0,0,0,0,0,0,0,0,0,0,0,0,0,0,0,0,0,52,30,40,61,58,30,39,52,35,58,0,0,0,0,0,0,0,0,0,0,0,48,0,0,49,0,0,0,42,0,0,0,0,0,0,0,0,0,0,0,0,0,0,0,0,0,0,0,0,0,0,0,0,0,0,0,0,0,0,0,0,0,0,0,0,0,0,0,0,0,0,0,0,0,0,0,0,0,0,0,0,0,0,0,0,0,0,0,0,34,0,0,0,0,0,0,0,0,0,0,0,0,0,0,0,22,0,0,0,0,0,0,0,0,0,0,44,0,0,0,0,0,0,0,0,0,0,0,0,0,17,27,0,25,31,43,25,35,29,26,0,0,0,0,0,0,0,0,0,0,0,0,0,0,0,0,0,0,0,0,0,0,0,0,0,0,0,0,0,0,0,0,0,0,0,0,0,0,0,0,0,0,0,0,0,0,0,0,0,0,0,0,0,0,0,0,0,0,0,0,0,0,0,0,0,0,0,0,0,0,0,0,0,0,0,0,0,0,0,0,0,0,0,0,0,0,0,0,0,0,0,0,0,0,0,0,0,0,0,0,0,0,0,0,0,0,0,0,0,0,0,0,0,0,0,0,0,0,0,0,0,0,0,0,0,0,0,0,0,0,0,0,0,0,0,0,0,0,0,0,0,0,0,0,0,0,0,0,0,0,0,0,0,0,0,0,0,0,0,0,0,0,0,0,0,0,0,0,0,0,0,0,0,0,0,0,0,0,0,0,0,0,0,0,0,0,0,0,0,0,0,0,0,0,0,0,0,0,0,0,0,0,0,0,0,0,0,0,0,0,0,0,0,0,0,0,0,0,0,0,0,0,0,0,0,0,0,0,0,0,0,0,0,0,0,0,0,0,0,0,0,0,0,0,0,0,0,0,0,0,0,0,0,0,0,0,0,0,0,0,0,0,0,0,0,0,0,0,0,0,0,0,0,0,0,0,0,0,0,0,0,0,0,0,0,0,0,0,0,0,0,0,0,0,0,0,0,0,0,0,0,0,0,0,0,0,0,0,0,0,0,0,0,0,0,0,0,0,0,0,0,0,0,0,0,0,0,0,0,0,0,0,0,0,0,0,0,0,0,0,0,0,0,0,0,0,0,0,0,0,0,0,0,0,0,0,0,0,0,0,0,0,0,0,0,0,0,0,0,0,0,0,0,0,0,0,0,0,0,0,0,0,0,0,0,0,0,0,0,0,0,0,0,0,0,0,0,0,0,0,0,0,0,0,0,0,0,0,0,0,0,0,0,0,0,0,0,0,0,0,0,0,0,0,0,0,0,0,0,0,0,0,0,0,0,0,0,0,0,0,0,0,0,0,0,0,0,0,0,0,0,0,0,0,0,0,0,0,0,0,0,0,0,0,0,0,0,0,0,0,0,0,0,0,0,0,0,0,0,0,0,0,0,0,0,0,0,0,0,0,0,0,0,0,0,0,0,0,0,0,0,0,0,0,0,0,0,0,0,0,0,0,0,0,0,0,0,0,0,0,0,0,0,0,0,0,0,0,0,0,0,0,0,0,0,0,0,0,0,0,0,0,0,0,0,0,0,0,0,0,0,0,0,0,0,0,0,0,0,0,0,0,0,0,0,0,0,0,0,0,0,13,8,8,6,0,0,0,0,28,0,0,0,0,0,0,0,0,0,0,0,0,0,0,0,0,0,0,0,0,0,0,0,0,0,0,0,0,0,0,0,0,0,0,0,0,0,0,0,0,0,0,0,0,0,0,0,0,0,8,0,0,0,0,0,0,0,0,0,0,0,0,0,0,0,16,0,36,0,0,0,0,0,0,0,0,0,0,0,0,0,0,0,0,0,0,0,0,0,0,0,0,0,0,0,0,0,0,0,0,0,0,0,0,0,0,0,0,0,0,0,0,0,0,0,0,0,0,0,0,0,0,0,0,0,0,0,0,0,0,0,0,0,0,0,0,0,0,0,0,0,0,0,0,0,0,0,0,0,0,0,0,0,0,0,0,0,0,0,0,0,0,0,0,0,0,0,0,0,0,0,0,0,0,0,0,0,0,0,0,0,0,0,0,0,0,0,0,0,0,0,0,0,0,0,0,0
0,0,0,0,0,0,0,0,0,0,0,0,0,0,0,0,0,0,0,0,0,0,0,0,0,0,0,0,0,0,0,0,0,0,0,0,0,0,0,0,0,0,0,0,0,0,0,0,0,0,0,0,0,0,0,0,0,0,0,0,0,0,0,67,0,0,0,0,0,0,0,0,0,0,0,0,0,0,0,31,0,0,0,81,0,0,0,65,0,0,0,0,0,0,0,131,0,0,65,0,0,0,36,67,0,38,0,66,0,0,29,65,0,0,0,0,0,0,0,0,0,0,0,255,162,165,0,0,0,75,58,0,0,325,349,501,401,560,466,258,670,436,587,0,0,12,71,1,36,0,8,0,76,0,0,0,0,0,0,0,0,0,0,0,0,0,0,0,0,0,0,0,0,0,0,0,0,0,0,0,0,0,0,0,0,0,0,247,0,0,0,0,0,0,0,0,0,0,0,0,0,0,0,825,770,458,845,843,424,767,489,820,521,0,0,0,0,0,0,0,0,0,0,0,0,0,0,0,0,0,0,0,0,0,0,0,0,0,0,0,0,0,0,0,0,0,0,0,0,0,0,0,0,0,0,0,0,0,0,0,0,0,0,34,24,41,35,114,176,157,57,164,0,0,38,0,0,57,0,0,0,0,25,0,0,0,0,0,0,0,0,0,0,0,0,0,0,0,0,0,0,0,0,0,0,0,0,0,0,0,0,0,0,0,24,9,0,0,63,0,9,92,0,0,0,0,0,0,0,0,0,0,0,0,0,0,0,0,0,0,0,0,0,0,0,0,0,0,0,0,0,0,0,0,0,0,0,0,0,0,0,0,0,0,0,0,0,0,0,0,0,0,0,56,28,17,255,0,122,58,133,79,68,61,82,161,60,6,147,47,0,173,8,124,175,105,163,107,60,142,191,299,296,0,0,0,0,0,0,0,0,0,0,0,0,0,0,0,0,0,0,0,0,17,0,0,37,53,60,0,55,51,73,0,0,0,0,0,0,0,0,0,0,107,264,203,128,117,56,127,173,37,170,0,2,0,0,19,0,10,9,22,11,0,0,0,0,0,16,0,0,0,0,0,0,0,0,0,0,0,0,0,0,0,0,0,0,0,11,0,0,0,0,0,79,70,81,43,65,27,3,0,75,0,0,0,0,0,0,0,30,0,0,39,6,9,0,46,67,0,0,0,0,0,0,0,0,0,0,0,0,0,0,6,29,16,15,15,0,17,0,0,56,0,0,0,0,0,0,0,0,0,0,0,0,0,0,0,0,0,45,0,39,28,15,0,14,35,97,0,76,15,0,44,8,0,0,0,47,0,12,38,0,22,0,64,149,20,57,64,57,44,46,0,0,0,0,0,0,0,0,0,0,0,0,10,0,0,0,39,0,0,0,38,0,0,44,22,44,13,0,19,98,0,0,0,0,0,0,0,0,0,0,0,39,39,53,62,8,87,0,45,86,0,0,0,0,0,0,30,0,0,0,0,0,0,0,0,0,0,0,0,0,0,0,0,0,0,0,0,0,0,0,0,0,0,0,0,0,0,0,0,0,0,0,0,46,0,0,0,0,0,25,0,34,67,0,0,67,0,0,0,0,0,0,0,0,0,0,0,0,0,0,0,0,0,0,0,0,0,0,0,0,75,153,39,57,61,80,0,44,61,0,0,0,0,0,0,0,0,0,0,0,32,32,0,28,23,0,0,24,40,43,0,0,109,0,0,0,0,0,0,23,0,35,28,5,37,28,34,0,0,30,14,0,24,0,25,10,33,48,89,6,0,0,0,0,0,0,0,0,0,0,0,0,0,4,21,21,0,0,0,0,0,46,31,0,35,1,78,4,45,56,72,38,37,40,18,0,104,26,81,0,0,0,0,0,0,9,0,0,0,0,0,0,0,14,0,0,0,0,0,0,0,9,0,1,61,20,0,0,0,94,7,92,53,19,67,0,60,74,65,88,71,73,0,42,37,39,105,0,56,126,16,74,55,27,16,34,53,77,61,46,0,13,30,42,0,66,50,65,47,43,13,0,0,0,0,0,0,0,25,13,0,0,71,0,17,0,0,61,0,37,0,0,0,0,0,0,0,0,0,7,38,0,0,0,26,0,0,61,0,0,0,0,0,0,0,0,0,0,0,10,23,63,39,0,0,0,0,0,50,45,0,0,25,0,0,0,0,0,0,0,21,42,25,0,9,3,11,0,44,63,0,64,36,38,2,76,25,0,16,40,53,0,5,4,0,0,29,46,47,0,22,62,11,0,8,0,27
""
0,0,0,0,0,0,0,0,0,0,0,0,0,0,0,0,0,0,0,0,0,0,0,0,0,0,0,0,0,0,0,0,0,0,0,0,0,0,0,0,0,0,0,0,0,0,0,0,0,0,0,0,0,0,0,0,0,0,0,0,0,0,0,67,0,0,0,0,0,0,0,0,0,0,0,0,0,0,0,31,0,0,0,81,0,0,0,65,0,0,0,0,0,0,0,80,0,0,65,0,0,0,36,67,0,21,0,66,0,0,29,65,0,0,0,0,0,0,0,0,0,0,0,84,82,89,0,0,0,75,58,0,0,67,51,86,84,75,82,74,86,71,83,0,0,12,71,1,36,0,6,0,76,0,0,0,0,0,0,0,0,0,0,0,0,0,0,0,0,0,0,0,0,0,0,0,0,0,0,0,0,0,0,0,0,0,0,51,0,0,0,0,0,0,0,0,0,0,0,0,0,0,0,92,87,86,88,93,82,88,94,90,88,0,0,0,0,0,0,0,0,0,0,0,0,0,0,0,0,0,0,0,0,0,0,0,0,0,0,0,0,0,0,0,0,0,0,0,0,0,0,0,0,0,0,0,0,0,0,0,0,0,0,19,9,26,35,64,81,70,57,64,0,0,38,0,0,54,0,0,0,0,25,0,0,0,0,0,0,0,0,0,0,0,0,0,0,0,0,0,0,0,0,0,0,0,0,0,0,0,0,0,0,0,16,9,0,0,47,0,9,58,0,0,0,0,0,0,0,0,0,0,0,0,0,0,0,0,0,0,0,0,0,0,0,0,0,0,0,0,0,0,0,0,0,0,0,0,0,0,0,0,0,0,0,0,0,0,0,0,0,0,0,48,28,15,65,0,76,58,53,59,46,54,64,46,60,6,60,47,0,73,8,72,57,35,52,38,49,49,72,57,71,0,0,0,0,0,0,0,0,0,0,0,0,0,0,0,0,0,0,0,0,17,0,0,22,53,60,0,55,51,61,0,0,0,0,0,0,0,0,0,0,61,64,59,55,55,47,65,65,22,72,0,2,0,0,19,0,10,9,22,11,0,0,0,0,0,16,0,0,0,0,0,0,0,0,0,0,0,0,0,0,0,0,0,0,0,11,0,0,0,0,0,43,70,41,43,57,20,3,0,50,0,0,0,0,0,0,0,30,0,0,39,6,9,0,46,67,0,0,0,0,0,0,0,0,0,0,0,0,0,0,6,29,16,15,15,0,17,0,0,55,0,0,0,0,0,0,0,0,0,0,0,0,0,0,0,0,0,45,0,39,28,15,0,14,35,54,0,63,15,0,44,8,0,0,0,47,0,12,38,0,22,0,50,74,20,37,40,35,29,35,0,0,0,0,0,0,0,0,0,0,0,0,10,0,0,0,39,0,0,0,38,0,0,44,22,44,13,0,19,72,0,0,0,0,0,0,0,0,0,0,0,39,39,53,46,8,65,0,45,59,0,0,0,0,0,0,30,0,0,0,0,0,0,0,0,0,0,0,0,0,0,0,0,0,0,0,0,0,0,0,0,0,0,0,0,0,0,0,0,0,0,0,0,46,0,0,0,0,0,25,0,34,67,0,0,67,0,0,0,0,0,0,0,0,0,0,0,0,0,0,0,0,0,0,0,0,0,0,0,0,49,75,24,44,42,40,0,44,49,0,0,0,0,0,0,0,0,0,0,0,32,32,0,28,23,0,0,18,40,43,0,0,68,0,0,0,0,0,0,23,0,35,28,5,37,28,32,0,0,30,14,0,21,0,22,10,33,48,53,6,0,0,0,0,0,0,0,0,0,0,0,0,0,4,21,21,0,0,0,0,0,34,31,0,30,1,46,4,30,27,42,27,37,25,18,0,73,26,62,0,0,0,0,0,0,9,0,0,0,0,0,0,0,14,0,0,0,0,0,0,0,9,0,1,61,20,0,0,0,56,7,78,51,19,60,0,60,63,61,49,56,63,0,42,37,39,55,0,34,75,16,52,55,27,16,34,53,61,61,46,0,13,30,42,0,66,50,49,47,43,13,0,0,0,0,0,0,0,25,13,0,0,43,0,17,0,0,61,0,37,0,0,0,0,0,0,0,0,0,7,38,0,0,0,26,0,0,61,0,0,0,0,0,0,0,0,0,0,0,10,23,63,39,0,0,0,0,0,50,45,0,0,25,0,0,0,0,0,0,0,21,42,25,0,9,3,11,0,44,41,0,43,36,38,2,43,25,0,16,40,49,0,5,4,0,0,29,46,47,0,22,62,11,0,8,0,27
0,0,0,0,0,0,8,0,0,0,0,0,0,0,0,0,0,0,0,0,0,0,0,0,0,0,0,0,62,0,0,60,48,0,0,0,0,0,0,0,0,0,0,83,152,120,188,153,31,161,43,30,70,299,70,228,253,150,348,292,123,72,130,0,0,0,0,0,0,0,0,0,0,449,131,479,0,342,254,62,216,124,118,0,0,0,0,0,0,0,0,0,0,88,0,0,154,0,0,150,76,138,134,0,0,0,0,0,0,0,0,0,0,263,142,224,206,176,243,149,118,194,203,0,16,0,27,0,58,0,0,0,18,0,0,0,0,0,0,0,0,0,0,0,0,0,0,0,0,0,0,0,0,0,0,0,0,0,0,0,0,0,0,56,136,280,154,226,215,275,340,457,119,0,0,0,0,0,0,0,0,0,0,0,0,0,0,0,0,0,0,0,0,0,0,0,0,0,0,0,0,0,0,0,0,0,0,0,0,0,0,0,0,0,0,0,0,0,0,0,0,0,0,0,0,0,0,0,0,0,0,0,0,0,0,0,0,0,0,0,0,0,0,0,0,0,0,63,15,0,0,0,0,0,231,0,0,0,87,0,0,350,146,0,0,0,0,0,0,0,0,0,0,0,0,0,0,0,0,0,0,0,0,66,0,0,36,0,23,24,41,0,53,0,0,0,0,0,0,0,0,0,0,0,0,0,0,0,0,0,0,0,0,0,0,0,0,0,0,0,0,0,0,0,0,0,0,0,0,0,0,0,0,0,0,0,0,0,0,0,0,0,0,0,0,0,0,0,0,0,0,0,0,0,0,0,0,0,0,0,0,0,0,0,0,0,0,0,0,0,0,0,0,0,0,0,0,0,0,0,0,0,0,0,0,0,0,0,0,0,0,0,0,0,0,0,0,0,0,0,0,0,0,0,0,0,0,0,0,0,0,0,0,0,0,0,0,0,0,0,0,0,0,0,0,0,0,0,0,0,0,0,0,0,0,0,0,0,0,0,0,0,0,0,0,0,0,0,0,0,0,0,0,0,0,0,0,0,0,0,0,0,0,0,0,0,0,0,0,0,0,0,0,0,0,0,0,0,0,0,0,0,0,0,0,0,0,0,0,0,0,0,0,0,0,0,0,0,0,0,0,0,0,0,0,0,0,0,0,0,0,0,0,0,0,0,0,0,0,0,0,0,0,0,0,0,0,0,0,0,0,0,0,0,0,0,0,0,0,0,0,0,0,0,0,0,0,0,0,0,0,0,0,0,0,0,0,0,0,0,0,0,0,0,0,0,0,0,0,0,0,0,0,0,0,0,13,0,0,0,32,10,0,0,0,0,0,0,0,0,0,0,0,0,0,0,0,0,0,0,0,0,0,0,0,0,0,0,0,0,0,0,0,0,0,0,0,0,0,0,0,0,0,4,0,2,24,17,0,19,0,0,3,0,0,0,0,0,0,0,0,0,0,0,0,0,0,0,0,1,0,0,0,0,0,0,0,0,0,0,0,0,0,0,0,0,0,0,0,0,0,0,0,0,1,0,0,0,3,0,0,0,0,0,0,0,0,0,0,0,0,0,0,0,0,0,0,0,0,0,0,0,0,0,0,0,0,0,0,0,0,0,0,0,0,0,0,0,0,0,0,0,0,0,0,0,0,0,0,0,0,0,0,0,0,0,0,0,0,0,0,0,0,0,0,0,0,0,0,0,0,0,0,0,0,0,0,0,0,0,0,0,0,0,0,0,0,0,0,0,0,0,0,0,0,0,0,0,0,0,0,0,0,0,0,0,0,0,0,0,0,0,0,0,0,0,0,0,0,0,0,0,0,0,0,0,0,0,0,0,0,0,0,0,0,0,0,0,0,0,0,0,0,0,0,0,0,0,0,0,0,0,0,0,0,0,0,0,0,0,0,0,0,0,0,0,0,0,0,0,0,0,0,0,0,0,0,0,0,0,0,0,0,0,0,0,0,0,0,0,0,0,0,0,0,0,0,0,0,0,0,0,0,0,0,0,0,0,0,0,0,0,0,0,0,0,0,0,0,0,0,0,0,0,0,0,0,0,0,0,0,0,0,0,0,0,0,0,0,0,0,0,0,0,0,0,0,0,0,0,0,0,0,0,0,0,0,0,0,0,0,0,0,0,0,0,0,0,0,0,0,0,0,0,0,0,0,0,0,0,0,0,0,6,25,18,0,0,19,46,25,0,54,0,0,0,0,0,0,0,0,0,0,0,0,0,0,0,0,0,0,0,0,0,0,0,0,0,0,0
""
0,0,0,0,0,0,8,0,0,0,0,0,0,0,0,0,0,0,0,0,0,0,0,0,0,0,0,0,62,0,0,60,48,0,0,0,0,0,0,0,0,0,0,35,40,33,63,62,26,42,17,30,24,57,70,59,59,84,57,61,64,72,74,0,0,0,0,0,0,0,0,0,0,80,67,92,0,69,62,62,63,64,62,0,0,0,0,0,0,0,0,0,0,88,0,0,79,0,0,86,76,76,69,0,0,0,0,0,0,0,0,0,0,71,59,76,72,71,82,58,67,81,76,0,16,0,27,0,30,0,0,0,18,0,0,0,0,0,0,0,0,0,0,0,0,0,0,0,0,0,0,0,0,0,0,0,0,0,0,0,0,0,0,56,78,74,56,81,81,81,67,83,73,0,0,0,0,0,0,0,0,0,0,0,0,0,0,0,0,0,0,0,0,0,0,0,0,0,0,0,0,0,0,0,0,0,0,0,0,0,0,0,0,0,0,0,0,0,0,0,0,0,0,0,0,0,0,0,0,0,0,0,0,0,0,0,0,0,0,0,0,0,0,0,0,0,0,63,15,0,0,0,0,0,89,0,0,0,87,0,0,86,82,0,0,0,0,0,0,0,0,0,0,0,0,0,0,0,0,0,0,0,0,39,0,0,36,0,23,24,41,0,53,0,0,0,0,0,0,0,0,0,0,0,0,0,0,0,0,0,0,0,0,0,0,0,0,0,0,0,0,0,0,0,0,0,0,0,0,0,0,0,0,0,0,0,0,0,0,0,0,0,0,0,0,0,0,0,0,0,0,0,0,0,0,0,0,0,0,0,0,0,0,0,0,0,0,0,0,0,0,0,0,0,0,0,0,0,0,0,0,0,0,0,0,0,0,0,0,0,0,0,0,0,0,0,0,0,0,0,0,0,0,0,0,0,0,0,0,0,0,0,0,0,0,0,0,0,0,0,0,0,0,0,0,0,0,0,0,0,0,0,0,0,0,0,0,0,0,0,0,0,0,0,0,0,0,0,0,0,0,0,0,0,0,0,0,0,0,0,0,0,0,0,0,0,0,0,0,0,0,0,0,0,0,0,0,0,0,0,0,0,0,0,0,0,0,0,0,0,0,0,0,0,0,0,0,0,0,0,0,0,0,0,0,0,0,0,0,0,0,0,0,0,0,0,0,0,0,0,0,0,0,0,0,0,0,0,0,0,0,0,0,0,0,0,0,0,0,0,0,0,0,0,0,0,0,0,0,0,0,0,0,0,0,0,0,0,0,0,0,0,0,0,0,0,0,0,0,0,0,0,0,0,0,0,13,0,0,0,32,10,0,0,0,0,0,0,0,0,0,0,0,0,0,0,0,0,0,0,0,0,0,0,0,0,0,0,0,0,0,0,0,0,0,0,0,0,0,0,0,0,0,4,0,2,14,17,0,19,0,0,3,0,0,0,0,0,0,0,0,0,0,0,0,0,0,0,0,1,0,0,0,0,0,0,0,0,0,0,0,0,0,0,0,0,0,0,0,0,0,0,0,0,1,0,0,0,3,0,0,0,0,0,0,0,0,0,0,0,0,0,0,0,0,0,0,0,0,0,0,0,0,0,0,0,0,0,0,0,0,0,0,0,0,0,0,0,0,0,0,0,0,0,0,0,0,0,0,0,0,0,0,0,0,0,0,0,0,0,0,0,0,0,0,0,0,0,0,0,0,0,0,0,0,0,0,0,0,0,0,0,0,0,0,0,0,0,0,0,0,0,0,0,0,0,0,0,0,0,0,0,0,0,0,0,0,0,0,0,0,0,0,0,0,0,0,0,0,0,0,0,0,0,0,0,0,0,0,0,0,0,0,0,0,0,0,0,0,0,0,0,0,0,0,0,0,0,0,0,0,0,0,0,0,0,0,0,0,0,0,0,0,0,0,0,0,0,0,0,0,0,0,0,0,0,0,0,0,0,0,0,0,0,0,0,0,0,0,0,0,0,0,0,0,0,0,0,0,0,0,0,0,0,0,0,0,0,0,0,0,0,0,0,0,0,0,0,0,0,0,0,0,0,0,0,0,0,0,0,0,0,0,0,0,0,0,0,0,0,0,0,0,0,0,0,0,0,0,0,0,0,0,0,0,0,0,0,0,0,0,0,0,0,0,0,0,0,0,0,0,0,0,0,0,0,0,0,0,0,0,0,0,6,15,16,0,0,10,25,18,0,20,0,0,0,0,0,0,0,0,0,0,0,0,0,0,0,0,0,0,0,0,0,0,0,0,0,0,0
0,0,0,0,0,0,0,0,0,0,0,0,0,484,60,127,0,67,62,55,53,103,0,0,0,0,0,0,0,0,0,0,0,36,340,187,285,80,362,126,441,59,306,224,22,71,144,302,119,130,122,72,60,97,314,87,75,285,13,136,124,0,68,0,174,0,0,0,86,0,0,0,0,64,267,103,160,0,162,0,292,75,89,3,95,0,121,74,58,0,54,208,135,111,148,0,125,0,76,68,47,6,82,25,84,8,203,82,101,219,203,238,85,174,0,0,0,30,9,0,251,81,17,0,35,75,0,0,61,107,30,0,0,0,47,46,0,0,59,0,0,0,5,0,33,0,0,0,0,0,55,0,0,0,0,0,63,160,66,0,0,0,0,0,0,0,67,0,0,0,0,0,0,24,0,34,0,0,0,0,0,0,67,0,0,15,0,37,4,51,0,0,88,0,0,0,0,0,0,0,0,0,0,0,0,0,0,0,0,0,0,0,1,0,0,66,0,0,0,0,37,4,0,0,0,0,0,0,0,0,0,0,0,0,0,0,0,0,0,0,0,0,0,0,0,0,0,0,0,0,0,0,0,0,0,0,0,0,0,0,0,0,0,0,0,0,0,0,0,0,0,0,0,0,0,0,0,0,0,0,0,0,0,0,0,0,0,0,0,0,0,0,0,0,0,0,0,0,0,0,0,0,0,0,0,35,0,0,0,0,0,0,0,0,0,0,0,0,0,0,0,0,0,0,0,0,0,0,0,0,0,0,0,0,0,0,0,0,0,0,0,0,0,37,0,0,0,0,0,0,0,0,0,0,0,0,0,0,0,0,0,0,0,0,0,0,0,0,0,0,0,0,0,0,0,0,0,0,0,0,0,0,0,0,0,0,0,0,0,0,0,0,0,88,0,0,0,0,51,17,55,0,27,0,0,0,0,0,0,0,0,0,0,0,0,0,0,0,0,0,0,0,0,0,0,0,0,0,0,0,0,0,0,0,0,0,0,0,0,0,0,0,0,0,0,0,0,0,0,0,0,0,0,0,0,0,0,0,0,0,0,0,0,0,0,0,0,0,0,0,0,0,0,33,51,0,0,0,30,42,0,0,0,0,0,0,7,0,0,76,0,5,24,0,0,0,0,24,42,0,0,0,44,0,0,0,0,68,0,0,0,0,0,0,0,0,0,0,0,0,0,0,0,0,49,0,59,0,0,100,72,24,0,0,0,0,0,0,0,0,0,0,0,91,0,30,0,0,0,0,0,0,0,0,0,0,0,0,0,0,0,0,0,0,0,0,0,0,0,0,0,0,0,0,0,70,0,0,0,0,0,0,0,0,0,0,0,0,0,0,0,0,0,0,0,0,0,0,0,0,0,0,0,0,0,0,0,0,0,0,0,0,0,0,0,0,0,0,0,0,0,0,0,0,0,0,14,0,0,0,0,1,0,127,120,95,40,25,0,21,71,42,28,24,143,37,47,0,0,0,0,0,58,0,0,0,0,0,0,0,0,0,0,0,0,0,45,0,0,0,72,0,56,0,19,0,0,0,17,0,0,0,0,50,39,64,39,33,0,0,0,0,0,0,94,51,0,33,34,0,119,0,0,0,0,4,0,0,0,0,3,0,0,13,213,133,29,216,234,111,153,197,0,0,0,0,0,0,0,0,0,0,0,15,78,6,121,118,64,95,88,21,128,14,0,0,0,0,0,91,0,0,163,0,0,0,0,0,0,0,28,0,0,0,46,58,0,26,0,76,0,0,0,76,28,151,0,0,61,18,0,43,0,10,5,56,0,12,11,7,85,17,31,187,49,131,123,24,142,149,87,57,68,41,25,70,162,85,200,108,87,26,37,36,0,49,0,0,129,0,43,30,0,0,42,90,36,86,97,54,52,0,52,0,80,107,0,0,0,62,134,49,105,67,68,0,0,0,0,0,0,71,88,83,24,57,96,111,149,162,69,93,81,25,60,0,0,55,34,67,5,17,0,59,170,115,118,66,22,79,132,93,0,77,0,74,65,33,100,73,50,195,83,97,15,61,88,0,4,51,0,70,136,80,0,53,58,49,13,73,87,92,0,0,0,0,49,70,74,0,0,0,0,46,150,162,144,84,70,237,145,48,125,82,0,32,87,0,39,0,0,0,53,69,26,46,69,60,55,38,73,121,68,96,85,74,97,194,62,122,63,108,96,148,72,27,127,125,172,150,182,97,62,216,151,224,184,163,266,223,145,282,63,0,0,0,139,99,0,123,0,72,139,61,79,0,77,108,98,74
""
0,0,0,0,0,0,0,0,0,0,0,0,0,63,60,64,0,67,62,55,27,36,0,0,0,0,0,0,0,0,0,0,0,36,62,48,69,30,67,53,74,21,74,67,22,71,77,76,74,66,64,72,53,50,73,56,75,72,13,69,50,0,68,0,92,0,0,0,86,0,0,0,0,64,75,80,86,0,87,0,83,75,68,3,50,0,61,74,38,0,51,70,70,76,83,0,82,0,70,68,47,6,82,14,55,8,73,76,75,81,76,79,71,69,0,0,0,30,9,0,87,71,17,0,35,48,0,0,61,52,30,0,0,0,47,46,0,0,59,0,0,0,5,0,33,0,0,0,0,0,55,0,0,0,0,0,63,79,66,0,0,0,0,0,0,0,67,0,0,0,0,0,0,24,0,34,0,0,0,0,0,0,67,0,0,15,0,37,4,51,0,0,88,0,0,0,0,0,0,0,0,0,0,0,0,0,0,0,0,0,0,0,1,0,0,66,0,0,0,0,34,4,0,0,0,0,0,0,0,0,0,0,0,0,0,0,0,0,0,0,0,0,0,0,0,0,0,0,0,0,0,0,0,0,0,0,0,0,0,0,0,0,0,0,0,0,0,0,0,0,0,0,0,0,0,0,0,0,0,0,0,0,0,0,0,0,0,0,0,0,0,0,0,0,0,0,0,0,0,0,0,0,0,0,0,35,0,0,0,0,0,0,0,0,0,0,0,0,0,0,0,0,0,0,0,0,0,0,0,0,0,0,0,0,0,0,0,0,0,0,0,0,0,37,0,0,0,0,0,0,0,0,0,0,0,0,0,0,0,0,0,0,0,0,0,0,0,0,0,0,0,0,0,0,0,0,0,0,0,0,0,0,0,0,0,0,0,0,0,0,0,0,0,49,0,0,0,0,51,17,55,0,27,0,0,0,0,0,0,0,0,0,0,0,0,0,0,0,0,0,0,0,0,0,0,0,0,0,0,0,0,0,0,0,0,0,0,0,0,0,0,0,0,0,0,0,0,0,0,0,0,0,0,0,0,0,0,0,0,0,0,0,0,0,0,0,0,0,0,0,0,0,0,33,51,0,0,0,30,42,0,0,0,0,0,0,7,0,0,43,0,5,24,0,0,0,0,24,42,0,0,0,44,0,0,0,0,68,0,0,0,0,0,0,0,0,0,0,0,0,0,0,0,0,38,0,59,0,0,52,53,15,0,0,0,0,0,0,0,0,0,0,0,36,0,30,0,0,0,0,0,0,0,0,0,0,0,0,0,0,0,0,0,0,0,0,0,0,0,0,0,0,0,0,0,70,0,0,0,0,0,0,0,0,0,0,0,0,0,0,0,0,0,0,0,0,0,0,0,0,0,0,0,0,0,0,0,0,0,0,0,0,0,0,0,0,0,0,0,0,0,0,0,0,0,0,14,0,0,0,0,1,0,46,50,46,40,25,0,21,50,42,28,24,69,37,47,0,0,0,0,0,58,0,0,0,0,0,0,0,0,0,0,0,0,0,45,0,0,0,72,0,56,0,11,0,0,0,17,0,0,0,0,50,39,64,39,33,0,0,0,0,0,0,53,51,0,33,34,0,83,0,0,0,0,4,0,0,0,0,3,0,0,13,85,73,16,77,76,89,78,84,0,0,0,0,0,0,0,0,0,0,0,12,45,6,58,65,64,54,65,21,74,14,0,0,0,0,0,49,0,0,74,0,0,0,0,0,0,0,28,0,0,0,46,58,0,26,0,50,0,0,0,70,28,72,0,0,40,18,0,24,0,10,5,40,0,12,9,7,52,17,31,79,30,60,71,24,86,84,55,34,55,41,25,70,57,57,81,72,80,26,37,36,0,30,0,0,70,0,43,30,0,0,42,90,36,86,77,54,52,0,52,0,53,57,0,0,0,42,91,49,48,67,68,0,0,0,0,0,0,71,88,57,24,33,57,44,68,67,50,45,47,25,60,0,0,40,34,56,5,17,0,59,69,50,74,66,22,46,76,51,0,77,0,74,65,33,62,73,50,81,83,73,15,36,82,0,4,51,0,70,72,80,0,53,58,49,13,73,87,92,0,0,0,0,49,70,74,0,0,0,0,46,51,82,75,84,47,94,83,48,78,82,0,32,52,0,39,0,0,0,53,53,26,46,36,60,32,38,39,70,68,41,45,45,47,71,62,68,48,52,58,79,72,27,82,49,84,79,81,54,27,79,74,82,80,70,83,86,60,79,46,0,0,0,83,63,0,75,0,72,82,34,52,0,69,80,74,24
0,0,0,0,0,0,0,0,0,0,0,0,0,26,46,0,0,18,0,0,0,0,0,0,60,0,261,82,0,0,0,134,199,0,0,0,75,0,0,0,0,0,0,0,0,72,0,79,142,0,72,73,0,186,71,165,233,78,0,52,229,78,53,413,244,126,376,426,455,140,294,180,334,45,177,0,51,55,192,163,89,5,141,13,149,71,135,0,16,53,76,33,11,105,92,72,90,0,118,0,99,129,26,0,0,0,0,74,0,0,45,0,0,0,0,0,0,89,41,0,43,0,0,113,363,100,345,85,30,146,45,120,180,0,0,0,0,0,0,0,0,0,0,180,123,86,32,19,125,13,150,112,36,34,43,110,140,38,219,171,0,0,0,0,14,65,129,66,65,74,99,0,46,38,68,0,0,0,45,92,0,0,95,0,80,61,56,52,194,30,211,93,276,0,0,0,0,0,0,0,0,0,0,0,0,0,0,0,106,0,0,0,0,0,0,0,0,0,0,0,0,0,0,53,0,0,0,93,0,0,0,0,0,0,0,0,0,0,0,0,0,75,0,0,0,31,34,0,0,0,36,0,0,0,0,0,0,0,0,0,0,31,0,0,0,99,63,0,0,0,0,0,0,69,0,0,0,61,43,0,0,0,19,215,37,119,225,75,139,110,141,176,173,0,0,0,0,0,0,15,0,0,25,0,0,0,0,0,0,0,0,0,0,0,0,0,0,0,0,2,2,0,13,0,41,49,0,0,0,0,0,0,26,0,0,0,0,0,0,0,0,0,0,0,0,0,0,0,0,0,0,0,16,0,0,0,0,0,4,0,0,0,0,0,0,0,0,0,0,0,0,0,0,0,0,0,0,0,0,0,0,0,0,0,0,5,0,20,0,0,0,0,90,0,0,0,0,0,0,0,0,0,0,0,0,0,0,0,0,0,0,0,0,0,0,0,0,0,0,0,0,0,0,0,0,0,0,0,0,0,0,0,0,0,0,0,0,0,0,0,0,0,0,0,0,0,0,0,0,0,0,0,0,0,0,0,0,0,0,0,0,0,0,0,0,0,0,0,0,0,0,0,0,0,0,0,0,0,0,0,0,0,0,0,0,0,0,0,0,0,0,0,0,0,63,0,0,0,0,0,0,0,0,33,0,38,0,0,0,0,0,31,0,0,0,0,0,0,0,0,0,0,0,0,0,0,0,0,0,0,0,0,0,0,0,0,0,0,0,0,0,0,0,10,22,46,0,17,25,78,47,56,67,0,0,0,0,0,0,0,0,0,0,0,0,0,0,0,0,0,0,12,2,0,0,0,0,0,0,0,0,0,0,0,0,0,0,0,0,0,0,0,0,0,0,0,0,22,0,0,0,17,0,0,0,0,0,0,0,0,0,0,0,0,0,0,15,5,31,0,0,0,0,0,0,0,0,0,0,0,0,0,0,0,0,0,0,0,0,0,0,0,0,0,0,0,0,0,0,0,0,0,34,0,0,0,0,0,0,0,0,0,0,0,0,0,0,0,0,0,0,0,0,0,0,0,0,0,0,0,0,0,0,0,0,0,0,21,91,31,10,0,38,41,0,0,0,0,17,0,0,0,0,0,0,38,0,0,0,0,0,0,0,0,0,0,63,0,25,0,0,0,35,0,0,0,0,0,0,0,79,0,68,0,0,0,0,0,0,0,0,18,111,0,0,0,0,0,0,0,0,0,0,0,0,0,0,0,0,0,0,0,0,0,0,0,0,0,0,0,0,0,0,0,0,0,0,0,0,0,0,0,0,0,0,0,0,0,0,0,0,0,0,0,0,0,0,0,0,0,0,0,0,0,0,0,0,0,0,0,0,0,0,0,0,0,0,0,0,7,0,0,0,0,0,0,0,0,0,0,0,0,0,0,0,0,0,0,0,0,0,0,0,0,8,13,0,41,59,46,0,27,0,0,0,11,0,0,0,0,0,0,0,0,0,0,0,0,0,0,0,0,0,0,0,0,0,0,0,42,0,0,0,0,14,0,0,0,54,11,0,0,0,0,0,0,17,49,1,0,18,0,3,0,0,0,0,0,0,0,0,0,0,0,0,0,0,0,0,0,0,0,0,0,0,0,0,0,0,0,0,0,0,0,0,0,0,0,0,0,0,6,0,0,0,0,0,0,0,0,0,0,0,17,0,0,0,0,0,0,0,0,0,0,0,0,0,0,0,2,0,0,0,0,0,0,0,0,0,65,0,0,0,0,0,0,0,0,0,0,0,0,0,0,0,0,0,0,0,0
""
0,0,0,0,0,0,0,0,0,0,0,0,0,26,46,0,0,18,0,0,0,0,0,0,60,0,75,82,0,0,0,75,79,0,0,0,75,0,0,0,0,0,0,0,0,72,0,79,78,0,72,73,0,83,71,62,83,78,0,52,84,78,53,85,63,70,65,79,78,75,73,81,80,45,82,0,51,55,88,70,89,5,79,7,62,23,41,0,14,21,38,33,9,86,60,72,90,0,26,0,71,81,26,0,0,0,0,74,0,0,45,0,0,0,0,0,0,89,41,0,43,0,0,60,87,90,89,85,16,92,21,94,91,0,0,0,0,0,0,0,0,0,0,71,45,67,32,18,91,13,92,89,26,34,24,41,49,38,76,36,0,0,0,0,9,65,52,66,65,64,60,0,46,38,37,0,0,0,45,92,0,0,86,0,80,61,56,52,83,30,77,40,67,0,0,0,0,0,0,0,0,0,0,0,0,0,0,0,58,0,0,0,0,0,0,0,0,0,0,0,0,0,0,53,0,0,0,50,0,0,0,0,0,0,0,0,0,0,0,0,0,75,0,0,0,31,34,0,0,0,36,0,0,0,0,0,0,0,0,0,0,31,0,0,0,63,63,0,0,0,0,0,0,38,0,0,0,61,43,0,0,0,19,55,37,47,82,32,43,42,59,41,48,0,0,0,0,0,0,15,0,0,25,0,0,0,0,0,0,0,0,0,0,0,0,0,0,0,0,2,2,0,13,0,41,36,0,0,0,0,0,0,26,0,0,0,0,0,0,0,0,0,0,0,0,0,0,0,0,0,0,0,16,0,0,0,0,0,4,0,0,0,0,0,0,0,0,0,0,0,0,0,0,0,0,0,0,0,0,0,0,0,0,0,0,5,0,20,0,0,0,0,85,0,0,0,0,0,0,0,0,0,0,0,0,0,0,0,0,0,0,0,0,0,0,0,0,0,0,0,0,0,0,0,0,0,0,0,0,0,0,0,0,0,0,0,0,0,0,0,0,0,0,0,0,0,0,0,0,0,0,0,0,0,0,0,0,0,0,0,0,0,0,0,0,0,0,0,0,0,0,0,0,0,0,0,0,0,0,0,0,0,0,0,0,0,0,0,0,0,0,0,0,0,63,0,0,0,0,0,0,0,0,33,0,30,0,0,0,0,0,31,0,0,0,0,0,0,0,0,0,0,0,0,0,0,0,0,0,0,0,0,0,0,0,0,0,0,0,0,0,0,0,10,16,46,0,17,25,43,47,29,43,0,0,0,0,0,0,0,0,0,0,0,0,0,0,0,0,0,0,12,2,0,0,0,0,0,0,0,0,0,0,0,0,0,0,0,0,0,0,0,0,0,0,0,0,22,0,0,0,17,0,0,0,0,0,0,0,0,0,0,0,0,0,0,15,5,31,0,0,0,0,0,0,0,0,0,0,0,0,0,0,0,0,0,0,0,0,0,0,0,0,0,0,0,0,0,0,0,0,0,34,0,0,0,0,0,0,0,0,0,0,0,0,0,0,0,0,0,0,0,0,0,0,0,0,0,0,0,0,0,0,0,0,0,0,21,74,31,10,0,38,41,0,0,0,0,17,0,0,0,0,0,0,38,0,0,0,0,0,0,0,0,0,0,35,0,25,0,0,0,35,0,0,0,0,0,0,0,79,0,68,0,0,0,0,0,0,0,0,18,60,0,0,0,0,0,0,0,0,0,0,0,0,0,0,0,0,0,0,0,0,0,0,0,0,0,0,0,0,0,0,0,0,0,0,0,0,0,0,0,0,0,0,0,0,0,0,0,0,0,0,0,0,0,0,0,0,0,0,0,0,0,0,0,0,0,0,0,0,0,0,0,0,0,0,0,0,7,0,0,0,0,0,0,0,0,0,0,0,0,0,0,0,0,0,0,0,0,0,0,0,0,8,13,0,41,59,46,0,27,0,0,0,11,0,0,0,0,0,0,0,0,0,0,0,0,0,0,0,0,0,0,0,0,0,0,0,42,0,0,0,0,14,0,0,0,54,11,0,0,0,0,0,0,17,48,1,0,18,0,3,0,0,0,0,0,0,0,0,0,0,0,0,0,0,0,0,0,0,0,0,0,0,0,0,0,0,0,0,0,0,0,0,0,0,0,0,0,0,6,0,0,0,0,0,0,0,0,0,0,0,17,0,0,0,0,0,0,0,0,0,0,0,0,0,0,0,2,0,0,0,0,0,0,0,0,0,65,0,0,0,0,0,0,0,0,0,0,0,0,0,0,0,0,0,0,0,0
0,0,0,0,0,0,0,0,0,0,0,0,0,0,0,0,0,0,0,0,0,0,0,0,0,0,0,0,0,0,0,0,0,0,42,38,0,185,0,0,62,0,0,0,0,0,0,0,0,0,0,0,0,0,0,0,0,0,0,0,0,0,0,82,77,0,0,79,0,0,79,175,0,78,700,143,0,0,288,84,359,135,232,0,88,92,0,0,0,0,0,0,89,177,0,658,0,0,0,94,0,0,0,0,0,0,0,0,0,0,0,0,0,0,0,0,0,0,0,0,0,0,0,0,0,0,0,0,0,0,0,0,0,0,0,0,0,0,0,0,0,0,0,669,561,501,318,79,569,548,283,724,123,0,0,0,0,0,0,0,0,0,0,0,0,0,0,0,0,0,0,0,0,0,0,0,0,0,0,0,0,0,0,0,0,0,0,0,0,0,0,0,0,0,0,0,0,0,0,0,0,0,0,0,0,0,0,0,0,0,0,0,0,0,0,0,0,0,0,0,0,0,0,0,0,0,0,0,0,0,0,0,0,0,0,0,0,0,0,0,0,0,0,235,260,234,177,191,230,271,218,281,297,106,0,141,0,200,76,125,33,148,105,0,46,0,0,0,0,0,0,0,0,0,85,0,62,388,0,455,0,159,222,0,0,0,0,0,0,0,0,0,0,0,0,0,0,0,0,0,0,0,0,0,0,157,0,83,0,80,87,0,0,0,0,0,0,0,0,0,0,0,143,0,0,80,73,68,0,0,0,0,0,17,145,0,86,0,55,92,133,94,144,0,79,0,86,76,0,0,0,93,0,0,0,0,0,0,0,0,0,0,0,0,0,0,0,0,0,0,0,0,0,0,0,0,0,0,0,0,0,0,0,0,0,0,0,0,0,0,0,0,0,0,0,0,0,0,0,0,0,0,0,0,0,0,0,0,0,0,0,0,0,0,0,0,0,0,0,0,0,0,0,0,0,0,0,0,0,0,0,0,0,0,0,0,0,0,0,0,0,0,0,0,0,0,0,0,0,0,0,0,0,0,0,0,0,0,0,0,0,0,0,0,0,0,0,0,0,0,0,0,0,0,0,0,0,0,0,0,0,0,0,0,0,0,0,0,0,0,0,0,0,0,0,0,0,0,0,0,0,0,0,0,0,0,0,0,0,0,0,0,0,0,0,0,0,0,0,0,0,0,0,0,0,0,0,0,0,0,0,0,0,0,0,0,0,0,0,0,0,0,0,0,0,0,0,0,0,0,0,0,0,0,0,0,0,0,0,0,0,0,0,28,0,84,30,0,0,0,0,0,0,0,0,0,0,0,0,0,0,0,0,0,0,0,0,0,0,0,0,0,0,0,0,0,0,0,0,0,0,0,0,6,97,35,0,79,0,0,0,25,14,0,0,0,0,0,0,0,0,0,0,0,0,0,0,0,0,0,0,0,0,33,111,168,31,112,144,25,70,163,28,23,8,22,0,15,37,11,0,32,41,0,0,0,0,0,0,0,0,0,0,0,60,24,65,32,33,21,35,65,88,4,0,0,0,0,28,0,7,0,0,0,0,0,0,0,0,0,0,0,0,5,27,40,53,28,42,50,57,55,53,0,0,0,0,0,0,0,0,0,0,0,32,0,0,0,0,0,0,0,0,184,205,260,253,173,201,87,212,190,194,96,122,38,110,8,14,120,118,64,78,0,68,34,0,69,28,35,0,9,55,27,0,0,0,29,60,0,0,0,52,0,69,33,0,33,0,0,0,0,0,34,0,0,20,0,0,0,0,0,0,0,0,0,0,0,0,0,0,0,0,0,14,0,0,47,0,0,0,0,0,0,0,0,0,0,0,0,0,0,0,0,0,0,0,0,0,0,0,0,0,0,0,0,0,0,0,0,0,0,0,0,0,0,0,0,0,0,0,0,0,51,44,99,74,108,42,97,68,113,24,0,0,0,0,0,48,0,40,0,0,18,88,22,34,30,28,14,15,52,15,0,0,0,0,0,0,0,0,0,0,37,61,0,0,0,0,0,0,0,34,19,0,0,58,0,0,0,31,0,26,0,0,0,0,0,0,0,0,0,0,0,0,0,0,0,0,0,0,0,0,34,47,0,44,52,64,0,74,53,0,48,8,0,9,9,47,5,25,66,10,0,0,0,0,83,0,0,0,0,0,5,0,0,0,0,8,0,60,0,41,0,0,0,0,0,0,0,0,66,0,77,80,20,69,0,6,22,67,123,58,17,0,0,56,62,0,0,53,48,0,55,32,74,78,77,94,74
""
0,0,0,0,0,0,0,0,0,0,0,0,0,0,0,0,0,0,0,0,0,0,0,0,0,0,0,0,0,0,0,0,0,0,42,38,0,70,0,0,62,0,0,0,0,0,0,0,0,0,0,0,0,0,0,0,0,0,0,0,0,0,0,82,77,0,0,79,0,0,79,60,0,78,89,80,0,0,86,84,84,72,82,0,88,92,0,0,0,0,0,0,89,90,0,94,0,0,0,94,0,0,0,0,0,0,0,0,0,0,0,0,0,0,0,0,0,0,0,0,0,0,0,0,0,0,0,0,0,0,0,0,0,0,0,0,0,0,0,0,0,0,0,91,86,79,80,79,88,91,85,84,84,0,0,0,0,0,0,0,0,0,0,0,0,0,0,0,0,0,0,0,0,0,0,0,0,0,0,0,0,0,0,0,0,0,0,0,0,0,0,0,0,0,0,0,0,0,0,0,0,0,0,0,0,0,0,0,0,0,0,0,0,0,0,0,0,0,0,0,0,0,0,0,0,0,0,0,0,0,0,0,0,0,0,0,0,0,0,0,0,0,0,81,63,62,43,64,47,80,78,67,80,58,0,69,0,75,76,75,33,69,77,0,46,0,0,0,0,0,0,0,0,0,85,0,62,79,0,82,0,84,77,0,0,0,0,0,0,0,0,0,0,0,0,0,0,0,0,0,0,0,0,0,0,82,0,83,0,80,87,0,0,0,0,0,0,0,0,0,0,0,76,0,0,80,73,68,0,0,0,0,0,9,51,0,48,0,55,51,79,50,66,0,79,0,86,76,0,0,0,60,0,0,0,0,0,0,0,0,0,0,0,0,0,0,0,0,0,0,0,0,0,0,0,0,0,0,0,0,0,0,0,0,0,0,0,0,0,0,0,0,0,0,0,0,0,0,0,0,0,0,0,0,0,0,0,0,0,0,0,0,0,0,0,0,0,0,0,0,0,0,0,0,0,0,0,0,0,0,0,0,0,0,0,0,0,0,0,0,0,0,0,0,0,0,0,0,0,0,0,0,0,0,0,0,0,0,0,0,0,0,0,0,0,0,0,0,0,0,0,0,0,0,0,0,0,0,0,0,0,0,0,0,0,0,0,0,0,0,0,0,0,0,0,0,0,0,0,0,0,0,0,0,0,0,0,0,0,0,0,0,0,0,0,0,0,0,0,0,0,0,0,0,0,0,0,0,0,0,0,0,0,0,0,0,0,0,0,0,0,0,0,0,0,0,0,0,0,0,0,0,0,0,0,0,0,0,0,0,0,0,0,28,0,26,30,0,0,0,0,0,0,0,0,0,0,0,0,0,0,0,0,0,0,0,0,0,0,0,0,0,0,0,0,0,0,0,0,0,0,0,0,6,62,35,0,43,0,0,0,25,14,0,0,0,0,0,0,0,0,0,0,0,0,0,0,0,0,0,0,0,0,33,50,67,31,25,34,25,36,55,28,23,8,22,0,9,27,11,0,32,41,0,0,0,0,0,0,0,0,0,0,0,32,24,26,32,33,21,35,39,44,4,0,0,0,0,28,0,7,0,0,0,0,0,0,0,0,0,0,0,0,5,13,21,27,28,15,29,31,32,28,0,0,0,0,0,0,0,0,0,0,0,32,0,0,0,0,0,0,0,0,47,57,57,74,34,59,57,70,45,48,37,58,19,39,8,10,30,52,37,31,0,31,34,0,39,28,35,0,9,40,27,0,0,0,29,40,0,0,0,30,0,42,33,0,33,0,0,0,0,0,34,0,0,20,0,0,0,0,0,0,0,0,0,0,0,0,0,0,0,0,0,14,0,0,47,0,0,0,0,0,0,0,0,0,0,0,0,0,0,0,0,0,0,0,0,0,0,0,0,0,0,0,0,0,0,0,0,0,0,0,0,0,0,0,0,0,0,0,0,0,51,44,36,27,62,24,40,25,44,22,0,0,0,0,0,48,0,40,0,0,13,52,13,29,21,17,12,15,34,15,0,0,0,0,0,0,0,0,0,0,37,61,0,0,0,0,0,0,0,34,19,0,0,58,0,0,0,31,0,26,0,0,0,0,0,0,0,0,0,0,0,0,0,0,0,0,0,0,0,0,34,47,0,44,52,64,0,64,53,0,48,8,0,9,9,47,5,25,62,10,0,0,0,0,83,0,0,0,0,0,5,0,0,0,0,8,0,60,0,39,0,0,0,0,0,0,0,0,66,0,52,54,20,50,0,6,22,53,47,48,17,0,0,56,62,0,0,53,48,0,55,32,74,78,73,58,74
0,0,0,0,0,0,0,0,0,0,0,0,0,111,187,366,375,67,165,334,316,302,485,0,501,87,177,0,144,69,330,368,239,0,0,0,0,0,0,0,0,0,0,70,71,73,35,200,136,336,167,235,142,140,76,313,0,333,259,371,71,366,76,697,34,106,314,335,301,156,26,227,312,0,71,0,0,0,0,0,0,74,0,0,36,87,96,120,0,0,114,173,90,22,78,52,189,0,0,164,132,19,277,146,249,172,17,377,0,0,85,0,0,0,0,64,0,0,0,66,137,0,328,0,0,0,0,0,0,0,0,0,0,0,0,0,0,0,0,0,0,0,0,0,0,0,0,0,0,0,0,0,0,60,118,140,129,187,68,113,122,67,87,0,0,0,0,0,0,0,0,0,0,0,0,0,0,0,0,0,0,0,0,0,0,54,130,0,163,157,234,210,156,0,0,0,0,0,0,0,0,0,0,0,0,0,0,0,0,0,0,0,0,0,0,0,0,0,0,0,0,0,0,0,0,0,0,0,0,0,0,0,0,0,0,0,0,0,0,0,0,0,0,76,119,114,76,14,11,10,21,52,161,0,67,0,4,141,66,69,24,100,128,69,138,122,78,108,208,147,96,74,136,0,0,0,0,0,0,0,0,0,0,0,0,0,0,0,0,0,0,0,0,0,0,0,0,0,0,0,0,0,0,25,10,77,32,22,32,34,27,18,48,0,0,0,0,0,0,0,0,0,0,0,0,0,0,0,0,0,0,0,0,0,0,0,0,0,0,0,0,0,1,0,0,0,0,0,0,0,0,0,0,0,0,0,0,0,0,0,0,0,0,0,0,0,0,0,0,0,0,0,0,8,0,17,47,8,0,2,0,11,0,0,0,0,0,0,0,0,0,0,0,0,0,0,0,0,0,0,0,0,0,0,0,0,0,0,0,0,0,0,0,0,0,0,0,0,0,0,0,0,0,0,0,0,0,0,0,0,6,6,0,0,0,0,0,0,0,0,0,0,0,9,5,0,49,0,0,12,0,0,21,0,0,0,0,0,22,0,0,0,0,0,0,0,0,0,0,0,12,0,0,0,12,0,0,0,0,0,0,0,1,0,0,0,0,0,0,0,0,0,0,0,0,79,0,50,0,0,0,10,0,0,31,0,0,0,0,0,0,0,0,88,30,0,0,43,0,0,0,0,0,0,0,65,24,51,0,19,38,0,0,0,0,0,0,0,0,25,0,0,0,0,0,0,0,0,0,0,0,0,0,0,58,66,13,48,12,0,45,38,0,0,0,0,0,0,0,0,0,13,1,0,18,0,0,0,0,0,0,0,0,72,166,36,119,70,47,166,52,170,93,0,0,0,43,0,5,0,0,64,0,0,0,0,0,0,0,0,12,0,0,0,0,0,5,0,0,0,0,30,0,44,0,0,27,0,0,0,0,0,0,40,0,0,0,34,0,0,48,0,39,75,58,115,190,82,114,89,86,93,59,79,92,0,31,36,47,6,0,80,0,14,60,131,86,105,129,63,99,118,42,0,0,0,0,0,0,0,0,0,0,0,0,0,0,0,0,0,0,0,12,4,14,40,0,0,14,58,0,0,0,30,0,37,17,0,45,14,0,13,14,101,25,48,94,63,0,58,70,90,47,8,72,66,46,52,97,39,123,101,81,0,0,0,0,0,0,16,0,24,0,117,15,64,36,37,0,0,0,30,0,0,92,9,0,38,90,0,65,32,9,0,19,29,53,8,10,0,40,3,10,0,94,54,0,0,36,0,54,0,38,87,50,88,150,71,57,83,131,91,138,38,103,100,31,133,66,71,81,85,61,45,120,78,90,115,141,73,165,130,52,51,34,108,104,0,29,52,58,88,155,14,34,61,8,136,132,24,28,27,0,0,63,7,34,10,0,40,84,0,59,126,185,173,141,200,224,211,170,151,151,103,93,117,135,147,87,144,87,78,144,62,52,61,116,62,66,65,163,112,59,197,157,201,197,262,153,144,312,137,187,118,38,76,54,15,132,81,80,174,146,78,68,115,107,150,129,42,85,25,113,127,192,105,191,51,245,150,84,184,249,216,161,93,122,21,86,137,110,22,227,49,71,44,135,106,88,103,66,177,208,111,190,0,120,107,186,89,67,266,76,113,101,92,73,204,173,198,259,130,201,206,144,219,221,249,279,146,155,202,221,139,199,124,137,167,158,194,197,113,173,202,220,42,164,185,156,122,120,211,179,263,188,132,102,115,91,193,138,138,181,136,159,120,64,175,155,116
""
0,0,0,0,0,0,0,0,0,0,0,0,0,58,55,71,78,58,77,69,76,71,77,0,83,78,68,0,80,69,76,74,68,0,0,0,0,0,0,0,0,0,0,67,71,41,35,82,75,79,48,76,73,71,76,73,0,53,56,76,71,79,76,85,34,70,83,79,81,63,26,78,84,0,71,0,0,0,0,0,0,74,0,0,36,45,51,74,0,0,69,78,46,17,78,52,84,0,0,87,68,19,79,75,79,83,17,82,0,0,85,0,0,0,0,64,0,0,0,38,83,0,90,0,0,0,0,0,0,0,0,0,0,0,0,0,0,0,0,0,0,0,0,0,0,0,0,0,0,0,0,0,0,60,55,61,83,77,68,56,63,67,61,0,0,0,0,0,0,0,0,0,0,0,0,0,0,0,0,0,0,0,0,0,0,42,44,0,46,51,37,54,47,0,0,0,0,0,0,0,0,0,0,0,0,0,0,0,0,0,0,0,0,0,0,0,0,0,0,0,0,0,0,0,0,0,0,0,0,0,0,0,0,0,0,0,0,0,0,0,0,0,0,41,47,49,37,14,7,10,13,44,46,0,33,0,4,40,29,37,24,37,47,26,38,46,26,47,41,42,47,24,42,0,0,0,0,0,0,0,0,0,0,0,0,0,0,0,0,0,0,0,0,0,0,0,0,0,0,0,0,0,0,24,6,53,13,12,22,14,12,10,45,0,0,0,0,0,0,0,0,0,0,0,0,0,0,0,0,0,0,0,0,0,0,0,0,0,0,0,0,0,1,0,0,0,0,0,0,0,0,0,0,0,0,0,0,0,0,0,0,0,0,0,0,0,0,0,0,0,0,0,0,8,0,17,35,8,0,2,0,11,0,0,0,0,0,0,0,0,0,0,0,0,0,0,0,0,0,0,0,0,0,0,0,0,0,0,0,0,0,0,0,0,0,0,0,0,0,0,0,0,0,0,0,0,0,0,0,0,6,6,0,0,0,0,0,0,0,0,0,0,0,9,5,0,30,0,0,12,0,0,12,0,0,0,0,0,22,0,0,0,0,0,0,0,0,0,0,0,12,0,0,0,12,0,0,0,0,0,0,0,1,0,0,0,0,0,0,0,0,0,0,0,0,79,0,50,0,0,0,10,0,0,31,0,0,0,0,0,0,0,0,88,30,0,0,43,0,0,0,0,0,0,0,48,17,51,0,19,38,0,0,0,0,0,0,0,0,25,0,0,0,0,0,0,0,0,0,0,0,0,0,0,58,66,13,48,12,0,45,38,0,0,0,0,0,0,0,0,0,13,1,0,18,0,0,0,0,0,0,0,0,44,54,21,34,36,47,80,33,58,72,0,0,0,43,0,5,0,0,64,0,0,0,0,0,0,0,0,12,0,0,0,0,0,5,0,0,0,0,30,0,44,0,0,27,0,0,0,0,0,0,40,0,0,0,34,0,0,37,0,39,58,58,56,56,49,51,53,61,52,59,62,92,0,31,36,47,6,0,62,0,14,38,53,29,43,70,27,35,62,22,0,0,0,0,0,0,0,0,0,0,0,0,0,0,0,0,0,0,0,12,4,14,40,0,0,14,45,0,0,0,30,0,37,17,0,38,14,0,13,14,56,25,48,50,57,0,48,58,63,47,8,38,30,26,52,72,21,56,42,67,0,0,0,0,0,0,16,0,24,0,66,15,64,36,37,0,0,0,30,0,0,61,9,0,38,64,0,45,32,9,0,19,29,43,8,10,0,40,3,10,0,56,54,0,0,36,0,54,0,38,52,34,46,52,49,32,59,50,54,57,36,48,41,31,59,45,49,51,48,40,35,58,51,66,50,73,39,62,59,41,41,34,57,64,0,29,45,37,60,72,14,24,43,8,60,66,24,28,12,0,0,40,7,34,10,0,40,46,0,33,62,64,82,54,76,76,77,62,64,75,46,53,53,60,55,50,64,65,50,67,62,31,23,66,24,31,27,75,41,30,71,63,77,78,80,68,62,87,56,81,64,30,67,22,13,41,32,42,78,71,48,40,49,54,70,66,42,33,25,53,78,70,59,82,43,80,72,48,73,78,79,83,66,73,21,62,68,64,22,75,22,32,24,63,68,69,57,38,72,81,81,63,0,75,77,72,51,53,86,52,70,57,60,47,75,75,76,81,67,79,66,41,63,78,63,81,40,54,73,66,62,70,55,62,65,60,75,75,64,75,72,73,42,79,74,72,66,64,73,71,80,71,64,48,78,63,77,72,70,77,64,72,63,45,70,66,61
0,0,0,0,0,0,0,0,0,0,0,0,0,0,0,0,0,0,0,0,0,0,0,0,0,0,0,0,0,0,0,0,0,0,34,0,65,0,154,117,62,154,59,112,0,0,0,0,69,150,79,0,0,0,83,89,3,73,64,0,88,51,88,10,16,0,0,0,26,79,88,0,0,0,0,0,0,0,32,0,20,0,0,0,0,0,0,0,0,0,0,0,0,0,0,0,0,0,0,0,0,0,0,0,0,0,0,0,0,0,0,0,0,64,0,0,29,1,59,0,0,0,0,0,0,0,0,0,0,8,0,7,22,0,0,0,0,0,0,0,0,0,0,17,3,0,27,0,0,0,0,0,0,0,0,0,0,69,0,0,0,0,0,0,0,0,0,0,0,50,0,0,0,0,0,0,0,0,0,0,0,0,0,67,0,0,0,0,0,0,0,0,0,0,0,0,0,0,0,0,0,0,0,0,0,0,0,0,0,0,0,0,0,0,22,121,0,0,22,19,27,0,0,0,0,0,0,0,0,0,0,0,0,0,0,0,0,0,0,0,0,0,0,0,0,0,0,0,0,0,0,0,0,0,0,0,0,0,0,0,0,0,0,0,0,0,0,0,0,0,0,0,0,0,0,0,0,0,0,0,0,0,0,0,0,0,0,0,0,0,0,0,0,51,32,53,39,56,34,0,37,23,12,0,0,2,0,2,0,0,0,13,0,0,26,0,0,0,0,0,0,0,0,78,84,14,0,29,16,31,47,39,37,0,11,0,0,4,0,0,0,0,9,90,26,59,85,76,28,39,77,20,94,0,0,0,0,4,0,41,0,0,0,0,0,0,0,0,0,0,0,0,0,0,0,0,0,0,0,0,0,0,0,0,0,0,0,0,0,0,0,0,0,0,0,0,0,0,0,0,0,0,0,0,0,30,0,0,0,3,0,0,33,0,0,0,0,0,0,0,0,0,0,0,20,2,47,0,9,44,0,23,38,0,0,0,0,0,0,0,0,10,0,10,0,0,0,0,0,0,0,0,0,54,149,63,101,58,31,85,77,85,44,107,112,95,81,107,137,111,129,103,122,0,25,0,0,0,0,0,0,0,0,0,0,14,0,0,13,0,0,20,0,38,42,0,21,29,45,0,0,26,60,0,0,0,0,0,0,0,0,0,0,0,0,0,0,0,0,0,0,0,0,26,0,41,37,0,0,0,0,0,0,0,0,0,0,0,0,0,0,0,0,0,0,0,0,0,0,0,0,0,0,4,0,0,0,0,0,0,0,0,0,0,0,0,0,0,0,0,0,0,0,0,0,0,0,0,0,0,0,0,0,0,0,0,0,0,0,0,0,0,0,0,0,0,0,0,0,0,0,0,0,0,0,0,0,0,0,0,0,0,0,0,7,2,10,4,0,0,7,0,5,0,16,16,47,0,0,0,4,0,18,0,0,0,0,0,0,0,0,0,0,0,0,0,0,0,0,0,0,0,0,0,0,0,0,0,0,0,0,0,0,79,0,20,0,13,0,10,0,0,2,0,0,0,0,0,0,0,0,0,0,0,0,0,0,0,0,0,0,0,0,0,0,0,0,0,0,0,0,0,0,225,202,112,37,55,143,192,66,224,129,0,0,0,0,0,0,0,0,0,0,0,0,0,0,0,0,0,0,0,0,0,0,0,0,0,0,0,0,0,0,302,217,306,126,207,162,151,230,274,225,0,0,88,0,55,0,0,0,0,0,59,0,0,0,0,0,0,45,0,0,0,0,0,0,70,0,59,0,0,0,0,0,0,0,0,0,0,0,0,0,0,0,0,0,0,0,0,0,0,0,0,0,0,0,0,0,0,0,0,0,44,51,36,16,0,43,4,0,0,62,14,0,107,0,21,62,0,18,47,11,0,0,0,0,0,0,0,0,0,0,0,0,0,0,0,0,0,0,0,0,0,0,0,0,0,0,0,0,0,0,0,0,0,0,0,0,0,0,0,0,0,0,0,0,0,0,0,0,0,0,0,4,0,0,0,0,10,0,0,0,0,25,0,21,64,27,0,73,57,9,0,0,0,0,0,0,0,0,0,0,0,0,0,0,36,0,0,0,0,0,0,0,0,0,12,0,0,0,40,0,12,0,0,0,0,0,0,0,0,0,79,96,74,112,128,97,123,25,70,37,0,0,0,0,0,40,33,0,0,0,5,1,4,18,58,5,2,149,32,4,193,198,167,135,100,175,182,147,150,141,0,16,0,0,0,20,0,0,0,0,0,0,0,0,0,0,0
""
0,0,0,0,0,0,0,0,0,0,0,0,0,0,0,0,0,0,0,0,0,0,0,0,0,0,0,0,0,0,0,0,0,0,34,0,65,0,92,65,62,91,59,85,0,0,0,0,69,84,79,0,0,0,83,89,3,73,64,0,88,51,32,10,16,0,0,0,26,79,45,0,0,0,0,0,0,0,32,0,20,0,0,0,0,0,0,0,0,0,0,0,0,0,0,0,0,0,0,0,0,0,0,0,0,0,0,0,0,0,0,0,0,34,0,0,29,1,40,0,0,0,0,0,0,0,0,0,0,8,0,7,22,0,0,0,0,0,0,0,0,0,0,17,3,0,27,0,0,0,0,0,0,0,0,0,0,69,0,0,0,0,0,0,0,0,0,0,0,50,0,0,0,0,0,0,0,0,0,0,0,0,0,67,0,0,0,0,0,0,0,0,0,0,0,0,0,0,0,0,0,0,0,0,0,0,0,0,0,0,0,0,0,0,22,58,0,0,22,19,27,0,0,0,0,0,0,0,0,0,0,0,0,0,0,0,0,0,0,0,0,0,0,0,0,0,0,0,0,0,0,0,0,0,0,0,0,0,0,0,0,0,0,0,0,0,0,0,0,0,0,0,0,0,0,0,0,0,0,0,0,0,0,0,0,0,0,0,0,0,0,0,0,28,32,23,22,30,34,0,18,23,12,0,0,2,0,2,0,0,0,13,0,0,26,0,0,0,0,0,0,0,0,28,41,12,0,20,16,21,20,17,26,0,11,0,0,3,0,0,0,0,9,36,26,32,32,50,28,27,36,20,40,0,0,0,0,4,0,41,0,0,0,0,0,0,0,0,0,0,0,0,0,0,0,0,0,0,0,0,0,0,0,0,0,0,0,0,0,0,0,0,0,0,0,0,0,0,0,0,0,0,0,0,0,21,0,0,0,3,0,0,28,0,0,0,0,0,0,0,0,0,0,0,20,2,28,0,9,44,0,23,22,0,0,0,0,0,0,0,0,10,0,10,0,0,0,0,0,0,0,0,0,27,49,32,31,58,31,38,48,39,44,39,52,36,38,47,38,41,45,43,35,0,25,0,0,0,0,0,0,0,0,0,0,14,0,0,13,0,0,20,0,19,25,0,21,29,27,0,0,26,39,0,0,0,0,0,0,0,0,0,0,0,0,0,0,0,0,0,0,0,0,26,0,41,37,0,0,0,0,0,0,0,0,0,0,0,0,0,0,0,0,0,0,0,0,0,0,0,0,0,0,4,0,0,0,0,0,0,0,0,0,0,0,0,0,0,0,0,0,0,0,0,0,0,0,0,0,0,0,0,0,0,0,0,0,0,0,0,0,0,0,0,0,0,0,0,0,0,0,0,0,0,0,0,0,0,0,0,0,0,0,0,7,2,10,4,0,0,7,0,5,0,16,16,30,0,0,0,4,0,18,0,0,0,0,0,0,0,0,0,0,0,0,0,0,0,0,0,0,0,0,0,0,0,0,0,0,0,0,0,0,52,0,20,0,13,0,10,0,0,2,0,0,0,0,0,0,0,0,0,0,0,0,0,0,0,0,0,0,0,0,0,0,0,0,0,0,0,0,0,0,54,65,44,21,25,52,56,30,78,38,0,0,0,0,0,0,0,0,0,0,0,0,0,0,0,0,0,0,0,0,0,0,0,0,0,0,0,0,0,0,72,60,78,49,62,59,64,47,75,64,0,0,54,0,55,0,0,0,0,0,59,0,0,0,0,0,0,45,0,0,0,0,0,0,42,0,59,0,0,0,0,0,0,0,0,0,0,0,0,0,0,0,0,0,0,0,0,0,0,0,0,0,0,0,0,0,0,0,0,0,44,41,36,16,0,43,4,0,0,62,14,0,62,0,21,41,0,18,27,11,0,0,0,0,0,0,0,0,0,0,0,0,0,0,0,0,0,0,0,0,0,0,0,0,0,0,0,0,0,0,0,0,0,0,0,0,0,0,0,0,0,0,0,0,0,0,0,0,0,0,0,4,0,0,0,0,10,0,0,0,0,25,0,21,42,27,0,54,34,9,0,0,0,0,0,0,0,0,0,0,0,0,0,0,36,0,0,0,0,0,0,0,0,0,12,0,0,0,27,0,12,0,0,0,0,0,0,0,0,0,54,43,36,41,69,40,73,16,27,23,0,0,0,0,0,38,33,0,0,0,5,1,4,18,49,5,2,58,31,4,68,85,65,50,49,69,65,54,75,69,0,16,0,0,0,20,0,0,0,0,0,0,0,0,0,0,0
0,0,0,0,0,0,0,0,0,0,0,0,0,0,0,0,0,0,0,0,0,0,0,0,34,0,0,0,0,0,29,76,76,0,0,0,0,0,0,0,0,0,0,0,0,0,38,0,0,0,0,0,74,190,107,232,84,272,377,95,212,336,134,460,161,620,110,75,633,321,80,719,515,83,72,223,159,222,140,305,150,0,58,147,256,252,318,247,176,136,333,70,288,0,0,0,0,0,0,0,0,0,0,0,0,0,0,0,0,0,0,0,0,0,0,0,0,79,90,91,0,0,0,0,0,0,0,0,0,0,0,0,0,0,0,0,0,0,0,0,0,0,0,0,84,0,0,0,0,0,0,0,0,85,0,69,0,0,0,55,0,157,298,5,0,112,0,84,59,0,59,77,0,137,69,0,75,0,146,0,230,125,0,0,0,0,0,0,0,0,0,0,0,0,0,0,0,0,0,0,0,0,0,0,0,0,0,0,0,0,0,0,0,0,0,0,0,0,0,0,0,0,0,0,221,62,86,136,112,85,0,85,79,0,0,0,0,0,0,0,0,0,0,0,0,0,0,34,34,16,0,0,0,0,0,0,0,0,0,0,0,0,0,0,0,0,0,0,0,0,0,0,0,0,64,40,20,0,0,97,0,0,12,0,0,0,0,0,0,0,0,0,0,0,0,0,0,0,0,0,0,0,0,0,0,0,0,0,0,0,0,0,0,0,0,0,0,0,0,0,0,0,0,0,0,0,0,0,0,0,0,0,0,0,0,0,0,0,0,0,0,0,0,0,0,0,0,0,0,0,0,0,0,0,0,0,0,0,0,0,0,0,0,0,0,0,0,0,0,0,0,0,0,0,0,0,0,0,0,0,0,0,0,0,0,0,0,0,0,0,0,0,0,0,0,0,0,0,0,0,0,0,0,52,0,0,0,0,0,0,39,15,0,0,0,0,0,0,0,0,0,0,0,0,0,0,0,0,0,0,0,0,0,49,6,0,114,3,49,23,0,31,0,0,0,0,0,0,0,0,0,0,0,24,61,0,0,0,73,0,48,0,28,0,0,0,0,0,0,0,0,0,0,0,0,0,0,0,0,0,0,0,0,0,0,0,0,0,0,0,0,0,0,0,0,0,0,0,0,0,0,0,0,0,0,0,0,0,0,0,0,0,0,0,0,0,0,0,0,0,0,0,0,0,0,0,0,0,0,0,0,0,0,0,0,0,0,0,0,0,0,0,0,0,0,0,0,0,1,0,0,0,0,2,0,0,0,0,0,0,0,0,0,0,18,25,143,0,89,134,43,0,0,0,0,0,0,0,0,0,0,0,0,0,0,0,0,0,0,0,0,0,0,0,0,0,0,0,0,0,0,0,0,5,4,0,0,12,18,0,3,0,0,0,0,0,0,0,0,0,0,0,0,0,0,0,0,0,0,0,0,0,0,12,45,22,87,37,41,53,93,0,66,7,61,6,0,0,32,0,0,22,10,0,0,0,0,0,0,0,28,24,0,0,0,0,0,0,0,0,0,0,0,32,3,48,0,0,5,0,0,47,0,18,0,0,0,0,1,0,5,0,61,0,0,0,0,0,0,0,0,18,8,0,0,0,0,0,0,0,0,0,0,76,107,50,106,0,167,83,109,86,64,190,127,130,318,249,393,131,131,318,328,73,1,37,48,18,0,36,46,0,18,286,186,317,318,332,265,294,210,307,305,96,58,0,39,70,57,60,42,25,96,113,25,71,135,106,122,52,102,130,12,0,0,70,55,63,6,110,61,45,0,52,36,77,50,115,43,0,77,0,3,2,4,103,59,6,0,63,37,44,0,30,0,0,0,0,45,2,42,71,5,0,0,37,32,0,62,4,0,0,0,0,0,74,0,0,0,0,0,7,24,143,0,0,0,39,40,0,63,14,90,29,22,0,0,70,0,38,38,19,76,1,0,43,0,4,0,0,0,0,89,0,0,0,0,0,0,0,0,0,0,40,0,0,56,0,0,0,69,40,0,0,0,0,36,0,76,65,0,129,0,14,37,58,56,59,0,74,90,81,48,144,102,0,104,68,46,23,117,117,4,11,4,22,83,111,12,81,32,0,69,139,60,70,65,80,115,89,128,93,62,0,57,47,117,51,80,92,0,80,28,90,141,80,99,75,54,115,49,58,69,38,38,2,55,59,93,128,0,51,118,0,0,0,0,0,0,72,52,68,58,0,0,88,88,0,0,0,0,0,0,37,70,42,31,63,85,0,0,79,45,66,92,56,123,0,77,18
""
0,0,0,0,0,0,0,0,0,0,0,0,0,0,0,0,0,0,0,0,0,0,0,0,34,0,0,0,0,0,29,76,76,0,0,0,0,0,0,0,0,0,0,0,0,0,38,0,0,0,0,0,42,87,81,83,38,84,82,65,82,86,79,82,54,79,32,27,85,75,31,87,80,83,72,84,83,70,73,72,57,0,32,70,75,88,70,50,67,83,71,70,79,0,0,0,0,0,0,0,0,0,0,0,0,0,0,0,0,0,0,0,0,0,0,0,0,79,90,91,0,0,0,0,0,0,0,0,0,0,0,0,0,0,0,0,0,0,0,0,0,0,0,0,84,0,0,0,0,0,0,0,0,85,0,69,0,0,0,55,0,84,82,5,0,65,0,84,59,0,59,77,0,80,69,0,75,0,80,0,80,64,0,0,0,0,0,0,0,0,0,0,0,0,0,0,0,0,0,0,0,0,0,0,0,0,0,0,0,0,0,0,0,0,0,0,0,0,0,0,0,0,0,0,62,62,86,78,62,85,0,85,79,0,0,0,0,0,0,0,0,0,0,0,0,0,0,34,34,16,0,0,0,0,0,0,0,0,0,0,0,0,0,0,0,0,0,0,0,0,0,0,0,0,64,40,20,0,0,57,0,0,12,0,0,0,0,0,0,0,0,0,0,0,0,0,0,0,0,0,0,0,0,0,0,0,0,0,0,0,0,0,0,0,0,0,0,0,0,0,0,0,0,0,0,0,0,0,0,0,0,0,0,0,0,0,0,0,0,0,0,0,0,0,0,0,0,0,0,0,0,0,0,0,0,0,0,0,0,0,0,0,0,0,0,0,0,0,0,0,0,0,0,0,0,0,0,0,0,0,0,0,0,0,0,0,0,0,0,0,0,0,0,0,0,0,0,0,0,0,0,0,0,52,0,0,0,0,0,0,39,15,0,0,0,0,0,0,0,0,0,0,0,0,0,0,0,0,0,0,0,0,0,47,6,0,48,3,49,15,0,22,0,0,0,0,0,0,0,0,0,0,0,24,25,0,0,0,22,0,26,0,28,0,0,0,0,0,0,0,0,0,0,0,0,0,0,0,0,0,0,0,0,0,0,0,0,0,0,0,0,0,0,0,0,0,0,0,0,0,0,0,0,0,0,0,0,0,0,0,0,0,0,0,0,0,0,0,0,0,0,0,0,0,0,0,0,0,0,0,0,0,0,0,0,0,0,0,0,0,0,0,0,0,0,0,0,0,1,0,0,0,0,2,0,0,0,0,0,0,0,0,0,0,18,25,43,0,44,36,43,0,0,0,0,0,0,0,0,0,0,0,0,0,0,0,0,0,0,0,0,0,0,0,0,0,0,0,0,0,0,0,0,5,4,0,0,12,18,0,3,0,0,0,0,0,0,0,0,0,0,0,0,0,0,0,0,0,0,0,0,0,0,12,41,22,40,37,27,34,43,0,54,7,47,6,0,0,31,0,0,22,10,0,0,0,0,0,0,0,28,19,0,0,0,0,0,0,0,0,0,0,0,17,3,18,0,0,5,0,0,16,0,18,0,0,0,0,1,0,5,0,33,0,0,0,0,0,0,0,0,18,8,0,0,0,0,0,0,0,0,0,0,50,52,26,49,0,60,36,50,38,46,47,46,47,56,42,72,39,46,60,64,44,1,37,48,18,0,36,46,0,18,53,52,57,59,58,49,54,55,56,54,53,52,0,39,54,23,38,27,25,58,39,25,70,65,71,69,48,60,69,12,0,0,70,55,59,6,42,61,45,0,52,36,77,50,70,43,0,57,0,3,2,4,70,59,6,0,63,37,44,0,30,0,0,0,0,45,2,34,71,5,0,0,37,32,0,62,4,0,0,0,0,0,74,0,0,0,0,0,7,15,65,0,0,0,39,40,0,39,14,57,29,22,0,0,48,0,38,38,19,61,1,0,43,0,4,0,0,0,0,76,0,0,0,0,0,0,0,0,0,0,40,0,0,56,0,0,0,69,40,0,0,0,0,36,0,76,65,0,69,0,14,31,58,56,59,0,67,58,68,48,81,74,0,67,26,33,23,56,81,4,11,4,21,66,60,12,57,22,0,63,72,47,46,65,53,63,47,64,58,45,0,57,47,69,51,69,59,0,80,28,60,64,63,62,64,54,70,27,53,54,28,38,2,55,59,69,80,0,51,62,0,0,0,0,0,0,72,52,68,58,0,0,66,66,0,0,0,0,0,0,37,49,42,31,51,50,0,0,61,45,48,38,56,89,0,39,18
